Method,Job,AnalyzeLaunchVariance,EvaluateOverhead,MaxAbsoluteError,MaxRelativeError,MinInvokeCount,MinIterationTime,OutlierMode,Affinity,EnvironmentVariables,Jit,LargeAddressAware,Platform,PowerPlanMode,Runtime,AllowVeryLargeObjects,Concurrent,CpuGroups,Force,HeapAffinitizeMask,HeapCount,NoAffinitize,RetainVm,Server,Arguments,BuildConfiguration,Clock,EngineFactory,NuGetReferences,Toolchain,IsMutator,InvocationCount,IterationCount,IterationTime,LaunchCount,MaxIterationCount,MaxWarmupIterationCount,MemoryRandomization,MinIterationCount,MinWarmupIterationCount,RunStrategy,UnrollFactor,WarmupCount,N,Locale,Mean,Error,StdDev,Ratio,RatioSD,Allocated,Alloc Ratio
string.LastIndexOf,ShortRun,False,Default,Default,Default,Default,Default,Default,0000000000000000,Empty,RyuJit,Default,Arm64,8c5e7fda-e8bf-4a96-9a85-a6e23a8c635c,.NET 10.0,False,True,False,True,Default,Default,False,False,False,Default,Default,Default,Default,Default,Default,Default,Default,3,Default,1,Default,Default,Default,Default,Default,Default,16,3,64,Ascii,4.421 ns,1.7931 ns,0.0983 ns,1.00,0.03,0 B,NA
'Span.LastIndexOf UTF-8',ShortRun,False,Default,Default,Default,Default,Default,Default,0000000000000000,Empty,RyuJit,Default,Arm64,8c5e7fda-e8bf-4a96-9a85-a6e23a8c635c,.NET 10.0,False,True,False,True,Default,Default,False,False,False,Default,Default,Default,Default,Default,Default,Default,Default,3,Default,1,Default,Default,Default,Default,Default,Default,16,3,64,Ascii,2.248 ns,0.3377 ns,0.0185 ns,0.51,0.01,0 B,NA
'Text.LastRuneIndexOf UTF-8',ShortRun,False,Default,Default,Default,Default,Default,Default,0000000000000000,Empty,RyuJit,Default,Arm64,8c5e7fda-e8bf-4a96-9a85-a6e23a8c635c,.NET 10.0,False,True,False,True,Default,Default,False,False,False,Default,Default,Default,Default,Default,Default,Default,Default,3,Default,1,Default,Default,Default,Default,Default,Default,16,3,64,Ascii,7.850 ns,0.3626 ns,0.0199 ns,1.78,0.03,0 B,NA
'Text.LastRuneIndexOf UTF-16',ShortRun,False,Default,Default,Default,Default,Default,Default,0000000000000000,Empty,RyuJit,Default,Arm64,8c5e7fda-e8bf-4a96-9a85-a6e23a8c635c,.NET 10.0,False,True,False,True,Default,Default,False,False,False,Default,Default,Default,Default,Default,Default,Default,Default,3,Default,1,Default,Default,Default,Default,Default,Default,16,3,64,Ascii,15.156 ns,10.0784 ns,0.5524 ns,3.43,0.13,0 B,NA
'Text.LastRuneIndexOf UTF-32',ShortRun,False,Default,Default,Default,Default,Default,Default,0000000000000000,Empty,RyuJit,Default,Arm64,8c5e7fda-e8bf-4a96-9a85-a6e23a8c635c,.NET 10.0,False,True,False,True,Default,Default,False,False,False,Default,Default,Default,Default,Default,Default,Default,Default,3,Default,1,Default,Default,Default,Default,Default,Default,16,3,64,Ascii,15.302 ns,1.3821 ns,0.0758 ns,3.46,0.07,0 B,NA
'string.LastIndexOf miss',ShortRun,False,Default,Default,Default,Default,Default,Default,0000000000000000,Empty,RyuJit,Default,Arm64,8c5e7fda-e8bf-4a96-9a85-a6e23a8c635c,.NET 10.0,False,True,False,True,Default,Default,False,False,False,Default,Default,Default,Default,Default,Default,Default,Default,3,Default,1,Default,Default,Default,Default,Default,Default,16,3,64,Ascii,5.095 ns,0.4265 ns,0.0234 ns,1.15,0.02,0 B,NA
'Span.LastIndexOf UTF-8 miss',ShortRun,False,Default,Default,Default,Default,Default,Default,0000000000000000,Empty,RyuJit,Default,Arm64,8c5e7fda-e8bf-4a96-9a85-a6e23a8c635c,.NET 10.0,False,True,False,True,Default,Default,False,False,False,Default,Default,Default,Default,Default,Default,Default,Default,3,Default,1,Default,Default,Default,Default,Default,Default,16,3,64,Ascii,2.052 ns,0.2351 ns,0.0129 ns,0.46,0.01,0 B,NA
'Text.LastRuneIndexOf UTF-8 miss',ShortRun,False,Default,Default,Default,Default,Default,Default,0000000000000000,Empty,RyuJit,Default,Arm64,8c5e7fda-e8bf-4a96-9a85-a6e23a8c635c,.NET 10.0,False,True,False,True,Default,Default,False,False,False,Default,Default,Default,Default,Default,Default,Default,Default,3,Default,1,Default,Default,Default,Default,Default,Default,16,3,64,Ascii,3.864 ns,0.2871 ns,0.0157 ns,0.87,0.02,0 B,NA
'Text.LastRuneIndexOf UTF-16 miss',ShortRun,False,Default,Default,Default,Default,Default,Default,0000000000000000,Empty,RyuJit,Default,Arm64,8c5e7fda-e8bf-4a96-9a85-a6e23a8c635c,.NET 10.0,False,True,False,True,Default,Default,False,False,False,Default,Default,Default,Default,Default,Default,Default,Default,3,Default,1,Default,Default,Default,Default,Default,Default,16,3,64,Ascii,11.690 ns,0.5147 ns,0.0282 ns,2.64,0.05,0 B,NA
'Text.LastRuneIndexOf UTF-32 miss',ShortRun,False,Default,Default,Default,Default,Default,Default,0000000000000000,Empty,RyuJit,Default,Arm64,8c5e7fda-e8bf-4a96-9a85-a6e23a8c635c,.NET 10.0,False,True,False,True,Default,Default,False,False,False,Default,Default,Default,Default,Default,Default,Default,Default,3,Default,1,Default,Default,Default,Default,Default,Default,16,3,64,Ascii,11.554 ns,2.1056 ns,0.1154 ns,2.61,0.06,0 B,NA
string.LastIndexOf,ShortRun,False,Default,Default,Default,Default,Default,Default,0000000000000000,Empty,RyuJit,Default,Arm64,8c5e7fda-e8bf-4a96-9a85-a6e23a8c635c,.NET 10.0,False,True,False,True,Default,Default,False,False,False,Default,Default,Default,Default,Default,Default,Default,Default,3,Default,1,Default,Default,Default,Default,Default,Default,16,3,64,Latin,5.533 ns,1.2204 ns,0.0669 ns,1.00,0.01,0 B,NA
'Span.LastIndexOf UTF-8',ShortRun,False,Default,Default,Default,Default,Default,Default,0000000000000000,Empty,RyuJit,Default,Arm64,8c5e7fda-e8bf-4a96-9a85-a6e23a8c635c,.NET 10.0,False,True,False,True,Default,Default,False,False,False,Default,Default,Default,Default,Default,Default,Default,Default,3,Default,1,Default,Default,Default,Default,Default,Default,16,3,64,Latin,2.667 ns,0.8999 ns,0.0493 ns,0.48,0.01,0 B,NA
'Text.LastRuneIndexOf UTF-8',ShortRun,False,Default,Default,Default,Default,Default,Default,0000000000000000,Empty,RyuJit,Default,Arm64,8c5e7fda-e8bf-4a96-9a85-a6e23a8c635c,.NET 10.0,False,True,False,True,Default,Default,False,False,False,Default,Default,Default,Default,Default,Default,Default,Default,3,Default,1,Default,Default,Default,Default,Default,Default,16,3,64,Latin,4.234 ns,0.1976 ns,0.0108 ns,0.77,0.01,0 B,NA
'Text.LastRuneIndexOf UTF-16',ShortRun,False,Default,Default,Default,Default,Default,Default,0000000000000000,Empty,RyuJit,Default,Arm64,8c5e7fda-e8bf-4a96-9a85-a6e23a8c635c,.NET 10.0,False,True,False,True,Default,Default,False,False,False,Default,Default,Default,Default,Default,Default,Default,Default,3,Default,1,Default,Default,Default,Default,Default,Default,16,3,64,Latin,16.878 ns,0.6075 ns,0.0333 ns,3.05,0.03,0 B,NA
'Text.LastRuneIndexOf UTF-32',ShortRun,False,Default,Default,Default,Default,Default,Default,0000000000000000,Empty,RyuJit,Default,Arm64,8c5e7fda-e8bf-4a96-9a85-a6e23a8c635c,.NET 10.0,False,True,False,True,Default,Default,False,False,False,Default,Default,Default,Default,Default,Default,Default,Default,3,Default,1,Default,Default,Default,Default,Default,Default,16,3,64,Latin,31.129 ns,3.9995 ns,0.2192 ns,5.63,0.07,0 B,NA
'string.LastIndexOf miss',ShortRun,False,Default,Default,Default,Default,Default,Default,0000000000000000,Empty,RyuJit,Default,Arm64,8c5e7fda-e8bf-4a96-9a85-a6e23a8c635c,.NET 10.0,False,True,False,True,Default,Default,False,False,False,Default,Default,Default,Default,Default,Default,Default,Default,3,Default,1,Default,Default,Default,Default,Default,Default,16,3,64,Latin,5.408 ns,2.1890 ns,0.1200 ns,0.98,0.02,0 B,NA
'Span.LastIndexOf UTF-8 miss',ShortRun,False,Default,Default,Default,Default,Default,Default,0000000000000000,Empty,RyuJit,Default,Arm64,8c5e7fda-e8bf-4a96-9a85-a6e23a8c635c,.NET 10.0,False,True,False,True,Default,Default,False,False,False,Default,Default,Default,Default,Default,Default,Default,Default,3,Default,1,Default,Default,Default,Default,Default,Default,16,3,64,Latin,2.564 ns,0.2690 ns,0.0147 ns,0.46,0.01,0 B,NA
'Text.LastRuneIndexOf UTF-8 miss',ShortRun,False,Default,Default,Default,Default,Default,Default,0000000000000000,Empty,RyuJit,Default,Arm64,8c5e7fda-e8bf-4a96-9a85-a6e23a8c635c,.NET 10.0,False,True,False,True,Default,Default,False,False,False,Default,Default,Default,Default,Default,Default,Default,Default,3,Default,1,Default,Default,Default,Default,Default,Default,16,3,64,Latin,4.228 ns,0.3897 ns,0.0214 ns,0.76,0.01,0 B,NA
'Text.LastRuneIndexOf UTF-16 miss',ShortRun,False,Default,Default,Default,Default,Default,Default,0000000000000000,Empty,RyuJit,Default,Arm64,8c5e7fda-e8bf-4a96-9a85-a6e23a8c635c,.NET 10.0,False,True,False,True,Default,Default,False,False,False,Default,Default,Default,Default,Default,Default,Default,Default,3,Default,1,Default,Default,Default,Default,Default,Default,16,3,64,Latin,17.019 ns,1.0787 ns,0.0591 ns,3.08,0.03,0 B,NA
'Text.LastRuneIndexOf UTF-32 miss',ShortRun,False,Default,Default,Default,Default,Default,Default,0000000000000000,Empty,RyuJit,Default,Arm64,8c5e7fda-e8bf-4a96-9a85-a6e23a8c635c,.NET 10.0,False,True,False,True,Default,Default,False,False,False,Default,Default,Default,Default,Default,Default,Default,Default,3,Default,1,Default,Default,Default,Default,Default,Default,16,3,64,Latin,30.515 ns,2.7900 ns,0.1529 ns,5.52,0.06,0 B,NA
string.LastIndexOf,ShortRun,False,Default,Default,Default,Default,Default,Default,0000000000000000,Empty,RyuJit,Default,Arm64,8c5e7fda-e8bf-4a96-9a85-a6e23a8c635c,.NET 10.0,False,True,False,True,Default,Default,False,False,False,Default,Default,Default,Default,Default,Default,Default,Default,3,Default,1,Default,Default,Default,Default,Default,Default,16,3,64,Cjk,2.136 ns,0.9247 ns,0.0507 ns,1.00,0.03,0 B,NA
'Span.LastIndexOf UTF-8',ShortRun,False,Default,Default,Default,Default,Default,Default,0000000000000000,Empty,RyuJit,Default,Arm64,8c5e7fda-e8bf-4a96-9a85-a6e23a8c635c,.NET 10.0,False,True,False,True,Default,Default,False,False,False,Default,Default,Default,Default,Default,Default,Default,Default,3,Default,1,Default,Default,Default,Default,Default,Default,16,3,64,Cjk,1.410 ns,0.1846 ns,0.0101 ns,0.66,0.01,0 B,NA
'Text.LastRuneIndexOf UTF-8',ShortRun,False,Default,Default,Default,Default,Default,Default,0000000000000000,Empty,RyuJit,Default,Arm64,8c5e7fda-e8bf-4a96-9a85-a6e23a8c635c,.NET 10.0,False,True,False,True,Default,Default,False,False,False,Default,Default,Default,Default,Default,Default,Default,Default,3,Default,1,Default,Default,Default,Default,Default,Default,16,3,64,Cjk,14.414 ns,1.2002 ns,0.0658 ns,6.75,0.14,0 B,NA
'Text.LastRuneIndexOf UTF-16',ShortRun,False,Default,Default,Default,Default,Default,Default,0000000000000000,Empty,RyuJit,Default,Arm64,8c5e7fda-e8bf-4a96-9a85-a6e23a8c635c,.NET 10.0,False,True,False,True,Default,Default,False,False,False,Default,Default,Default,Default,Default,Default,Default,Default,3,Default,1,Default,Default,Default,Default,Default,Default,16,3,64,Cjk,34.718 ns,2.5812 ns,0.1415 ns,16.26,0.33,0 B,NA
'Text.LastRuneIndexOf UTF-32',ShortRun,False,Default,Default,Default,Default,Default,Default,0000000000000000,Empty,RyuJit,Default,Arm64,8c5e7fda-e8bf-4a96-9a85-a6e23a8c635c,.NET 10.0,False,True,False,True,Default,Default,False,False,False,Default,Default,Default,Default,Default,Default,Default,Default,3,Default,1,Default,Default,Default,Default,Default,Default,16,3,64,Cjk,32.419 ns,2.9784 ns,0.1633 ns,15.18,0.32,0 B,NA
'string.LastIndexOf miss',ShortRun,False,Default,Default,Default,Default,Default,Default,0000000000000000,Empty,RyuJit,Default,Arm64,8c5e7fda-e8bf-4a96-9a85-a6e23a8c635c,.NET 10.0,False,True,False,True,Default,Default,False,False,False,Default,Default,Default,Default,Default,Default,Default,Default,3,Default,1,Default,Default,Default,Default,Default,Default,16,3,64,Cjk,5.266 ns,1.6821 ns,0.0922 ns,2.47,0.06,0 B,NA
'Span.LastIndexOf UTF-8 miss',ShortRun,False,Default,Default,Default,Default,Default,Default,0000000000000000,Empty,RyuJit,Default,Arm64,8c5e7fda-e8bf-4a96-9a85-a6e23a8c635c,.NET 10.0,False,True,False,True,Default,Default,False,False,False,Default,Default,Default,Default,Default,Default,Default,Default,3,Default,1,Default,Default,Default,Default,Default,Default,16,3,64,Cjk,5.817 ns,0.1875 ns,0.0103 ns,2.72,0.06,0 B,NA
'Text.LastRuneIndexOf UTF-8 miss',ShortRun,False,Default,Default,Default,Default,Default,Default,0000000000000000,Empty,RyuJit,Default,Arm64,8c5e7fda-e8bf-4a96-9a85-a6e23a8c635c,.NET 10.0,False,True,False,True,Default,Default,False,False,False,Default,Default,Default,Default,Default,Default,Default,Default,3,Default,1,Default,Default,Default,Default,Default,Default,16,3,64,Cjk,7.471 ns,0.0955 ns,0.0052 ns,3.50,0.07,0 B,NA
'Text.LastRuneIndexOf UTF-16 miss',ShortRun,False,Default,Default,Default,Default,Default,Default,0000000000000000,Empty,RyuJit,Default,Arm64,8c5e7fda-e8bf-4a96-9a85-a6e23a8c635c,.NET 10.0,False,True,False,True,Default,Default,False,False,False,Default,Default,Default,Default,Default,Default,Default,Default,3,Default,1,Default,Default,Default,Default,Default,Default,16,3,64,Cjk,21.044 ns,1.9943 ns,0.1093 ns,9.86,0.20,0 B,NA
'Text.LastRuneIndexOf UTF-32 miss',ShortRun,False,Default,Default,Default,Default,Default,Default,0000000000000000,Empty,RyuJit,Default,Arm64,8c5e7fda-e8bf-4a96-9a85-a6e23a8c635c,.NET 10.0,False,True,False,True,Default,Default,False,False,False,Default,Default,Default,Default,Default,Default,Default,Default,3,Default,1,Default,Default,Default,Default,Default,Default,16,3,64,Cjk,25.817 ns,1.1111 ns,0.0609 ns,12.09,0.25,0 B,NA
string.LastIndexOf,ShortRun,False,Default,Default,Default,Default,Default,Default,0000000000000000,Empty,RyuJit,Default,Arm64,8c5e7fda-e8bf-4a96-9a85-a6e23a8c635c,.NET 10.0,False,True,False,True,Default,Default,False,False,False,Default,Default,Default,Default,Default,Default,Default,Default,3,Default,1,Default,Default,Default,Default,Default,Default,16,3,64,Emoji,3.045 ns,0.1833 ns,0.0100 ns,1.00,0.00,0 B,NA
'Span.LastIndexOf UTF-8',ShortRun,False,Default,Default,Default,Default,Default,Default,0000000000000000,Empty,RyuJit,Default,Arm64,8c5e7fda-e8bf-4a96-9a85-a6e23a8c635c,.NET 10.0,False,True,False,True,Default,Default,False,False,False,Default,Default,Default,Default,Default,Default,Default,Default,3,Default,1,Default,Default,Default,Default,Default,Default,16,3,64,Emoji,2.279 ns,0.4411 ns,0.0242 ns,0.75,0.01,0 B,NA
'Text.LastRuneIndexOf UTF-8',ShortRun,False,Default,Default,Default,Default,Default,Default,0000000000000000,Empty,RyuJit,Default,Arm64,8c5e7fda-e8bf-4a96-9a85-a6e23a8c635c,.NET 10.0,False,True,False,True,Default,Default,False,False,False,Default,Default,Default,Default,Default,Default,Default,Default,3,Default,1,Default,Default,Default,Default,Default,Default,16,3,64,Emoji,11.270 ns,1.3126 ns,0.0720 ns,3.70,0.02,0 B,NA
'Text.LastRuneIndexOf UTF-16',ShortRun,False,Default,Default,Default,Default,Default,Default,0000000000000000,Empty,RyuJit,Default,Arm64,8c5e7fda-e8bf-4a96-9a85-a6e23a8c635c,.NET 10.0,False,True,False,True,Default,Default,False,False,False,Default,Default,Default,Default,Default,Default,Default,Default,3,Default,1,Default,Default,Default,Default,Default,Default,16,3,64,Emoji,22.597 ns,2.1698 ns,0.1189 ns,7.42,0.04,0 B,NA
'Text.LastRuneIndexOf UTF-32',ShortRun,False,Default,Default,Default,Default,Default,Default,0000000000000000,Empty,RyuJit,Default,Arm64,8c5e7fda-e8bf-4a96-9a85-a6e23a8c635c,.NET 10.0,False,True,False,True,Default,Default,False,False,False,Default,Default,Default,Default,Default,Default,Default,Default,3,Default,1,Default,Default,Default,Default,Default,Default,16,3,64,Emoji,27.459 ns,1.3174 ns,0.0722 ns,9.02,0.03,0 B,NA
'string.LastIndexOf miss',ShortRun,False,Default,Default,Default,Default,Default,Default,0000000000000000,Empty,RyuJit,Default,Arm64,8c5e7fda-e8bf-4a96-9a85-a6e23a8c635c,.NET 10.0,False,True,False,True,Default,Default,False,False,False,Default,Default,Default,Default,Default,Default,Default,Default,3,Default,1,Default,Default,Default,Default,Default,Default,16,3,64,Emoji,5.211 ns,1.3601 ns,0.0746 ns,1.71,0.02,0 B,NA
'Span.LastIndexOf UTF-8 miss',ShortRun,False,Default,Default,Default,Default,Default,Default,0000000000000000,Empty,RyuJit,Default,Arm64,8c5e7fda-e8bf-4a96-9a85-a6e23a8c635c,.NET 10.0,False,True,False,True,Default,Default,False,False,False,Default,Default,Default,Default,Default,Default,Default,Default,3,Default,1,Default,Default,Default,Default,Default,Default,16,3,64,Emoji,4.823 ns,0.4915 ns,0.0269 ns,1.58,0.01,0 B,NA
'Text.LastRuneIndexOf UTF-8 miss',ShortRun,False,Default,Default,Default,Default,Default,Default,0000000000000000,Empty,RyuJit,Default,Arm64,8c5e7fda-e8bf-4a96-9a85-a6e23a8c635c,.NET 10.0,False,True,False,True,Default,Default,False,False,False,Default,Default,Default,Default,Default,Default,Default,Default,3,Default,1,Default,Default,Default,Default,Default,Default,16,3,64,Emoji,7.045 ns,0.2205 ns,0.0121 ns,2.31,0.01,0 B,NA
'Text.LastRuneIndexOf UTF-16 miss',ShortRun,False,Default,Default,Default,Default,Default,Default,0000000000000000,Empty,RyuJit,Default,Arm64,8c5e7fda-e8bf-4a96-9a85-a6e23a8c635c,.NET 10.0,False,True,False,True,Default,Default,False,False,False,Default,Default,Default,Default,Default,Default,Default,Default,3,Default,1,Default,Default,Default,Default,Default,Default,16,3,64,Emoji,19.887 ns,2.6239 ns,0.1438 ns,6.53,0.04,0 B,NA
'Text.LastRuneIndexOf UTF-32 miss',ShortRun,False,Default,Default,Default,Default,Default,Default,0000000000000000,Empty,RyuJit,Default,Arm64,8c5e7fda-e8bf-4a96-9a85-a6e23a8c635c,.NET 10.0,False,True,False,True,Default,Default,False,False,False,Default,Default,Default,Default,Default,Default,Default,Default,3,Default,1,Default,Default,Default,Default,Default,Default,16,3,64,Emoji,24.544 ns,1.5211 ns,0.0834 ns,8.06,0.03,0 B,NA
string.LastIndexOf,ShortRun,False,Default,Default,Default,Default,Default,Default,0000000000000000,Empty,RyuJit,Default,Arm64,8c5e7fda-e8bf-4a96-9a85-a6e23a8c635c,.NET 10.0,False,True,False,True,Default,Default,False,False,False,Default,Default,Default,Default,Default,Default,Default,Default,3,Default,1,Default,Default,Default,Default,Default,Default,16,3,64,Mixed,4.279 ns,0.4382 ns,0.0240 ns,1.00,0.01,0 B,NA
'Span.LastIndexOf UTF-8',ShortRun,False,Default,Default,Default,Default,Default,Default,0000000000000000,Empty,RyuJit,Default,Arm64,8c5e7fda-e8bf-4a96-9a85-a6e23a8c635c,.NET 10.0,False,True,False,True,Default,Default,False,False,False,Default,Default,Default,Default,Default,Default,Default,Default,3,Default,1,Default,Default,Default,Default,Default,Default,16,3,64,Mixed,2.533 ns,0.1786 ns,0.0098 ns,0.59,0.00,0 B,NA
'Text.LastRuneIndexOf UTF-8',ShortRun,False,Default,Default,Default,Default,Default,Default,0000000000000000,Empty,RyuJit,Default,Arm64,8c5e7fda-e8bf-4a96-9a85-a6e23a8c635c,.NET 10.0,False,True,False,True,Default,Default,False,False,False,Default,Default,Default,Default,Default,Default,Default,Default,3,Default,1,Default,Default,Default,Default,Default,Default,16,3,64,Mixed,9.294 ns,0.7445 ns,0.0408 ns,2.17,0.01,0 B,NA
'Text.LastRuneIndexOf UTF-16',ShortRun,False,Default,Default,Default,Default,Default,Default,0000000000000000,Empty,RyuJit,Default,Arm64,8c5e7fda-e8bf-4a96-9a85-a6e23a8c635c,.NET 10.0,False,True,False,True,Default,Default,False,False,False,Default,Default,Default,Default,Default,Default,Default,Default,3,Default,1,Default,Default,Default,Default,Default,Default,16,3,64,Mixed,15.834 ns,1.6603 ns,0.0910 ns,3.70,0.03,0 B,NA
'Text.LastRuneIndexOf UTF-32',ShortRun,False,Default,Default,Default,Default,Default,Default,0000000000000000,Empty,RyuJit,Default,Arm64,8c5e7fda-e8bf-4a96-9a85-a6e23a8c635c,.NET 10.0,False,True,False,True,Default,Default,False,False,False,Default,Default,Default,Default,Default,Default,Default,Default,3,Default,1,Default,Default,Default,Default,Default,Default,16,3,64,Mixed,15.858 ns,2.0468 ns,0.1122 ns,3.71,0.03,0 B,NA
'string.LastIndexOf miss',ShortRun,False,Default,Default,Default,Default,Default,Default,0000000000000000,Empty,RyuJit,Default,Arm64,8c5e7fda-e8bf-4a96-9a85-a6e23a8c635c,.NET 10.0,False,True,False,True,Default,Default,False,False,False,Default,Default,Default,Default,Default,Default,Default,Default,3,Default,1,Default,Default,Default,Default,Default,Default,16,3,64,Mixed,5.206 ns,1.5724 ns,0.0862 ns,1.22,0.02,0 B,NA
'Span.LastIndexOf UTF-8 miss',ShortRun,False,Default,Default,Default,Default,Default,Default,0000000000000000,Empty,RyuJit,Default,Arm64,8c5e7fda-e8bf-4a96-9a85-a6e23a8c635c,.NET 10.0,False,True,False,True,Default,Default,False,False,False,Default,Default,Default,Default,Default,Default,Default,Default,3,Default,1,Default,Default,Default,Default,Default,Default,16,3,64,Mixed,2.663 ns,0.1941 ns,0.0106 ns,0.62,0.00,0 B,NA
'Text.LastRuneIndexOf UTF-8 miss',ShortRun,False,Default,Default,Default,Default,Default,Default,0000000000000000,Empty,RyuJit,Default,Arm64,8c5e7fda-e8bf-4a96-9a85-a6e23a8c635c,.NET 10.0,False,True,False,True,Default,Default,False,False,False,Default,Default,Default,Default,Default,Default,Default,Default,3,Default,1,Default,Default,Default,Default,Default,Default,16,3,64,Mixed,4.276 ns,0.5459 ns,0.0299 ns,1.00,0.01,0 B,NA
'Text.LastRuneIndexOf UTF-16 miss',ShortRun,False,Default,Default,Default,Default,Default,Default,0000000000000000,Empty,RyuJit,Default,Arm64,8c5e7fda-e8bf-4a96-9a85-a6e23a8c635c,.NET 10.0,False,True,False,True,Default,Default,False,False,False,Default,Default,Default,Default,Default,Default,Default,Default,3,Default,1,Default,Default,Default,Default,Default,Default,16,3,64,Mixed,16.711 ns,3.0989 ns,0.1699 ns,3.91,0.04,0 B,NA
'Text.LastRuneIndexOf UTF-32 miss',ShortRun,False,Default,Default,Default,Default,Default,Default,0000000000000000,Empty,RyuJit,Default,Arm64,8c5e7fda-e8bf-4a96-9a85-a6e23a8c635c,.NET 10.0,False,True,False,True,Default,Default,False,False,False,Default,Default,Default,Default,Default,Default,Default,Default,3,Default,1,Default,Default,Default,Default,Default,Default,16,3,64,Mixed,23.853 ns,1.0651 ns,0.0584 ns,5.57,0.03,0 B,NA
string.LastIndexOf,ShortRun,False,Default,Default,Default,Default,Default,Default,0000000000000000,Empty,RyuJit,Default,Arm64,8c5e7fda-e8bf-4a96-9a85-a6e23a8c635c,.NET 10.0,False,True,False,True,Default,Default,False,False,False,Default,Default,Default,Default,Default,Default,Default,Default,3,Default,1,Default,Default,Default,Default,Default,Default,16,3,256,Ascii,2.648 ns,0.9505 ns,0.0521 ns,1.00,0.02,0 B,NA
'Span.LastIndexOf UTF-8',ShortRun,False,Default,Default,Default,Default,Default,Default,0000000000000000,Empty,RyuJit,Default,Arm64,8c5e7fda-e8bf-4a96-9a85-a6e23a8c635c,.NET 10.0,False,True,False,True,Default,Default,False,False,False,Default,Default,Default,Default,Default,Default,Default,Default,3,Default,1,Default,Default,Default,Default,Default,Default,16,3,256,Ascii,1.472 ns,0.3323 ns,0.0182 ns,0.56,0.01,0 B,NA
'Text.LastRuneIndexOf UTF-8',ShortRun,False,Default,Default,Default,Default,Default,Default,0000000000000000,Empty,RyuJit,Default,Arm64,8c5e7fda-e8bf-4a96-9a85-a6e23a8c635c,.NET 10.0,False,True,False,True,Default,Default,False,False,False,Default,Default,Default,Default,Default,Default,Default,Default,3,Default,1,Default,Default,Default,Default,Default,Default,16,3,256,Ascii,18.502 ns,6.7301 ns,0.3689 ns,6.99,0.17,0 B,NA
'Text.LastRuneIndexOf UTF-16',ShortRun,False,Default,Default,Default,Default,Default,Default,0000000000000000,Empty,RyuJit,Default,Arm64,8c5e7fda-e8bf-4a96-9a85-a6e23a8c635c,.NET 10.0,False,True,False,True,Default,Default,False,False,False,Default,Default,Default,Default,Default,Default,Default,Default,3,Default,1,Default,Default,Default,Default,Default,Default,16,3,256,Ascii,25.830 ns,15.3493 ns,0.8413 ns,9.76,0.32,0 B,NA
'Text.LastRuneIndexOf UTF-32',ShortRun,False,Default,Default,Default,Default,Default,Default,0000000000000000,Empty,RyuJit,Default,Arm64,8c5e7fda-e8bf-4a96-9a85-a6e23a8c635c,.NET 10.0,False,True,False,True,Default,Default,False,False,False,Default,Default,Default,Default,Default,Default,Default,Default,3,Default,1,Default,Default,Default,Default,Default,Default,16,3,256,Ascii,26.601 ns,5.5955 ns,0.3067 ns,10.05,0.20,0 B,NA
'string.LastIndexOf miss',ShortRun,False,Default,Default,Default,Default,Default,Default,0000000000000000,Empty,RyuJit,Default,Arm64,8c5e7fda-e8bf-4a96-9a85-a6e23a8c635c,.NET 10.0,False,True,False,True,Default,Default,False,False,False,Default,Default,Default,Default,Default,Default,Default,Default,3,Default,1,Default,Default,Default,Default,Default,Default,16,3,256,Ascii,17.034 ns,4.8468 ns,0.2657 ns,6.43,0.14,0 B,NA
'Span.LastIndexOf UTF-8 miss',ShortRun,False,Default,Default,Default,Default,Default,Default,0000000000000000,Empty,RyuJit,Default,Arm64,8c5e7fda-e8bf-4a96-9a85-a6e23a8c635c,.NET 10.0,False,True,False,True,Default,Default,False,False,False,Default,Default,Default,Default,Default,Default,Default,Default,3,Default,1,Default,Default,Default,Default,Default,Default,16,3,256,Ascii,8.341 ns,1.6628 ns,0.0911 ns,3.15,0.06,0 B,NA
'Text.LastRuneIndexOf UTF-8 miss',ShortRun,False,Default,Default,Default,Default,Default,Default,0000000000000000,Empty,RyuJit,Default,Arm64,8c5e7fda-e8bf-4a96-9a85-a6e23a8c635c,.NET 10.0,False,True,False,True,Default,Default,False,False,False,Default,Default,Default,Default,Default,Default,Default,Default,3,Default,1,Default,Default,Default,Default,Default,Default,16,3,256,Ascii,9.586 ns,1.8057 ns,0.0990 ns,3.62,0.07,0 B,NA
'Text.LastRuneIndexOf UTF-16 miss',ShortRun,False,Default,Default,Default,Default,Default,Default,0000000000000000,Empty,RyuJit,Default,Arm64,8c5e7fda-e8bf-4a96-9a85-a6e23a8c635c,.NET 10.0,False,True,False,True,Default,Default,False,False,False,Default,Default,Default,Default,Default,Default,Default,Default,3,Default,1,Default,Default,Default,Default,Default,Default,16,3,256,Ascii,16.911 ns,1.8946 ns,0.1038 ns,6.39,0.11,0 B,NA
'Text.LastRuneIndexOf UTF-32 miss',ShortRun,False,Default,Default,Default,Default,Default,Default,0000000000000000,Empty,RyuJit,Default,Arm64,8c5e7fda-e8bf-4a96-9a85-a6e23a8c635c,.NET 10.0,False,True,False,True,Default,Default,False,False,False,Default,Default,Default,Default,Default,Default,Default,Default,3,Default,1,Default,Default,Default,Default,Default,Default,16,3,256,Ascii,16.702 ns,4.2103 ns,0.2308 ns,6.31,0.13,0 B,NA
string.LastIndexOf,ShortRun,False,Default,Default,Default,Default,Default,Default,0000000000000000,Empty,RyuJit,Default,Arm64,8c5e7fda-e8bf-4a96-9a85-a6e23a8c635c,.NET 10.0,False,True,False,True,Default,Default,False,False,False,Default,Default,Default,Default,Default,Default,Default,Default,3,Default,1,Default,Default,Default,Default,Default,Default,16,3,256,Latin,16.933 ns,0.7300 ns,0.0400 ns,1.00,0.00,0 B,NA
'Span.LastIndexOf UTF-8',ShortRun,False,Default,Default,Default,Default,Default,Default,0000000000000000,Empty,RyuJit,Default,Arm64,8c5e7fda-e8bf-4a96-9a85-a6e23a8c635c,.NET 10.0,False,True,False,True,Default,Default,False,False,False,Default,Default,Default,Default,Default,Default,Default,Default,3,Default,1,Default,Default,Default,Default,Default,Default,16,3,256,Latin,9.642 ns,0.7864 ns,0.0431 ns,0.57,0.00,0 B,NA
'Text.LastRuneIndexOf UTF-8',ShortRun,False,Default,Default,Default,Default,Default,Default,0000000000000000,Empty,RyuJit,Default,Arm64,8c5e7fda-e8bf-4a96-9a85-a6e23a8c635c,.NET 10.0,False,True,False,True,Default,Default,False,False,False,Default,Default,Default,Default,Default,Default,Default,Default,3,Default,1,Default,Default,Default,Default,Default,Default,16,3,256,Latin,10.938 ns,0.8931 ns,0.0490 ns,0.65,0.00,0 B,NA
'Text.LastRuneIndexOf UTF-16',ShortRun,False,Default,Default,Default,Default,Default,Default,0000000000000000,Empty,RyuJit,Default,Arm64,8c5e7fda-e8bf-4a96-9a85-a6e23a8c635c,.NET 10.0,False,True,False,True,Default,Default,False,False,False,Default,Default,Default,Default,Default,Default,Default,Default,3,Default,1,Default,Default,Default,Default,Default,Default,16,3,256,Latin,22.377 ns,3.8428 ns,0.2106 ns,1.32,0.01,0 B,NA
'Text.LastRuneIndexOf UTF-32',ShortRun,False,Default,Default,Default,Default,Default,Default,0000000000000000,Empty,RyuJit,Default,Arm64,8c5e7fda-e8bf-4a96-9a85-a6e23a8c635c,.NET 10.0,False,True,False,True,Default,Default,False,False,False,Default,Default,Default,Default,Default,Default,Default,Default,3,Default,1,Default,Default,Default,Default,Default,Default,16,3,256,Latin,37.798 ns,6.3627 ns,0.3488 ns,2.23,0.02,0 B,NA
'string.LastIndexOf miss',ShortRun,False,Default,Default,Default,Default,Default,Default,0000000000000000,Empty,RyuJit,Default,Arm64,8c5e7fda-e8bf-4a96-9a85-a6e23a8c635c,.NET 10.0,False,True,False,True,Default,Default,False,False,False,Default,Default,Default,Default,Default,Default,Default,Default,3,Default,1,Default,Default,Default,Default,Default,Default,16,3,256,Latin,17.038 ns,3.9055 ns,0.2141 ns,1.01,0.01,0 B,NA
'Span.LastIndexOf UTF-8 miss',ShortRun,False,Default,Default,Default,Default,Default,Default,0000000000000000,Empty,RyuJit,Default,Arm64,8c5e7fda-e8bf-4a96-9a85-a6e23a8c635c,.NET 10.0,False,True,False,True,Default,Default,False,False,False,Default,Default,Default,Default,Default,Default,Default,Default,3,Default,1,Default,Default,Default,Default,Default,Default,16,3,256,Latin,9.719 ns,2.8924 ns,0.1585 ns,0.57,0.01,0 B,NA
'Text.LastRuneIndexOf UTF-8 miss',ShortRun,False,Default,Default,Default,Default,Default,Default,0000000000000000,Empty,RyuJit,Default,Arm64,8c5e7fda-e8bf-4a96-9a85-a6e23a8c635c,.NET 10.0,False,True,False,True,Default,Default,False,False,False,Default,Default,Default,Default,Default,Default,Default,Default,3,Default,1,Default,Default,Default,Default,Default,Default,16,3,256,Latin,11.054 ns,1.4582 ns,0.0799 ns,0.65,0.00,0 B,NA
'Text.LastRuneIndexOf UTF-16 miss',ShortRun,False,Default,Default,Default,Default,Default,Default,0000000000000000,Empty,RyuJit,Default,Arm64,8c5e7fda-e8bf-4a96-9a85-a6e23a8c635c,.NET 10.0,False,True,False,True,Default,Default,False,False,False,Default,Default,Default,Default,Default,Default,Default,Default,3,Default,1,Default,Default,Default,Default,Default,Default,16,3,256,Latin,21.316 ns,0.7333 ns,0.0402 ns,1.26,0.00,0 B,NA
'Text.LastRuneIndexOf UTF-32 miss',ShortRun,False,Default,Default,Default,Default,Default,Default,0000000000000000,Empty,RyuJit,Default,Arm64,8c5e7fda-e8bf-4a96-9a85-a6e23a8c635c,.NET 10.0,False,True,False,True,Default,Default,False,False,False,Default,Default,Default,Default,Default,Default,Default,Default,3,Default,1,Default,Default,Default,Default,Default,Default,16,3,256,Latin,36.619 ns,7.6647 ns,0.4201 ns,2.16,0.02,0 B,NA
string.LastIndexOf,ShortRun,False,Default,Default,Default,Default,Default,Default,0000000000000000,Empty,RyuJit,Default,Arm64,8c5e7fda-e8bf-4a96-9a85-a6e23a8c635c,.NET 10.0,False,True,False,True,Default,Default,False,False,False,Default,Default,Default,Default,Default,Default,Default,Default,3,Default,1,Default,Default,Default,Default,Default,Default,16,3,256,Cjk,2.484 ns,0.4433 ns,0.0243 ns,1.00,0.01,0 B,NA
'Span.LastIndexOf UTF-8',ShortRun,False,Default,Default,Default,Default,Default,Default,0000000000000000,Empty,RyuJit,Default,Arm64,8c5e7fda-e8bf-4a96-9a85-a6e23a8c635c,.NET 10.0,False,True,False,True,Default,Default,False,False,False,Default,Default,Default,Default,Default,Default,Default,Default,3,Default,1,Default,Default,Default,Default,Default,Default,16,3,256,Cjk,2.178 ns,0.5597 ns,0.0307 ns,0.88,0.01,0 B,NA
'Text.LastRuneIndexOf UTF-8',ShortRun,False,Default,Default,Default,Default,Default,Default,0000000000000000,Empty,RyuJit,Default,Arm64,8c5e7fda-e8bf-4a96-9a85-a6e23a8c635c,.NET 10.0,False,True,False,True,Default,Default,False,False,False,Default,Default,Default,Default,Default,Default,Default,Default,3,Default,1,Default,Default,Default,Default,Default,Default,16,3,256,Cjk,33.787 ns,4.6756 ns,0.2563 ns,13.60,0.15,0 B,NA
'Text.LastRuneIndexOf UTF-16',ShortRun,False,Default,Default,Default,Default,Default,Default,0000000000000000,Empty,RyuJit,Default,Arm64,8c5e7fda-e8bf-4a96-9a85-a6e23a8c635c,.NET 10.0,False,True,False,True,Default,Default,False,False,False,Default,Default,Default,Default,Default,Default,Default,Default,3,Default,1,Default,Default,Default,Default,Default,Default,16,3,256,Cjk,52.316 ns,6.8030 ns,0.3729 ns,21.06,0.22,0 B,NA
'Text.LastRuneIndexOf UTF-32',ShortRun,False,Default,Default,Default,Default,Default,Default,0000000000000000,Empty,RyuJit,Default,Arm64,8c5e7fda-e8bf-4a96-9a85-a6e23a8c635c,.NET 10.0,False,True,False,True,Default,Default,False,False,False,Default,Default,Default,Default,Default,Default,Default,Default,3,Default,1,Default,Default,Default,Default,Default,Default,16,3,256,Cjk,49.192 ns,1.7490 ns,0.0959 ns,19.80,0.17,0 B,NA
'string.LastIndexOf miss',ShortRun,False,Default,Default,Default,Default,Default,Default,0000000000000000,Empty,RyuJit,Default,Arm64,8c5e7fda-e8bf-4a96-9a85-a6e23a8c635c,.NET 10.0,False,True,False,True,Default,Default,False,False,False,Default,Default,Default,Default,Default,Default,Default,Default,3,Default,1,Default,Default,Default,Default,Default,Default,16,3,256,Cjk,17.159 ns,4.5906 ns,0.2516 ns,6.91,0.11,0 B,NA
'Span.LastIndexOf UTF-8 miss',ShortRun,False,Default,Default,Default,Default,Default,Default,0000000000000000,Empty,RyuJit,Default,Arm64,8c5e7fda-e8bf-4a96-9a85-a6e23a8c635c,.NET 10.0,False,True,False,True,Default,Default,False,False,False,Default,Default,Default,Default,Default,Default,Default,Default,3,Default,1,Default,Default,Default,Default,Default,Default,16,3,256,Cjk,24.125 ns,6.4051 ns,0.3511 ns,9.71,0.15,0 B,NA
'Text.LastRuneIndexOf UTF-8 miss',ShortRun,False,Default,Default,Default,Default,Default,Default,0000000000000000,Empty,RyuJit,Default,Arm64,8c5e7fda-e8bf-4a96-9a85-a6e23a8c635c,.NET 10.0,False,True,False,True,Default,Default,False,False,False,Default,Default,Default,Default,Default,Default,Default,Default,3,Default,1,Default,Default,Default,Default,Default,Default,16,3,256,Cjk,25.416 ns,6.7909 ns,0.3722 ns,10.23,0.16,0 B,NA
'Text.LastRuneIndexOf UTF-16 miss',ShortRun,False,Default,Default,Default,Default,Default,Default,0000000000000000,Empty,RyuJit,Default,Arm64,8c5e7fda-e8bf-4a96-9a85-a6e23a8c635c,.NET 10.0,False,True,False,True,Default,Default,False,False,False,Default,Default,Default,Default,Default,Default,Default,Default,3,Default,1,Default,Default,Default,Default,Default,Default,16,3,256,Cjk,37.374 ns,10.9590 ns,0.6007 ns,15.05,0.25,0 B,NA
'Text.LastRuneIndexOf UTF-32 miss',ShortRun,False,Default,Default,Default,Default,Default,Default,0000000000000000,Empty,RyuJit,Default,Arm64,8c5e7fda-e8bf-4a96-9a85-a6e23a8c635c,.NET 10.0,False,True,False,True,Default,Default,False,False,False,Default,Default,Default,Default,Default,Default,Default,Default,3,Default,1,Default,Default,Default,Default,Default,Default,16,3,256,Cjk,43.414 ns,0.8331 ns,0.0457 ns,17.48,0.15,0 B,NA
string.LastIndexOf,ShortRun,False,Default,Default,Default,Default,Default,Default,0000000000000000,Empty,RyuJit,Default,Arm64,8c5e7fda-e8bf-4a96-9a85-a6e23a8c635c,.NET 10.0,False,True,False,True,Default,Default,False,False,False,Default,Default,Default,Default,Default,Default,Default,Default,3,Default,1,Default,Default,Default,Default,Default,Default,16,3,256,Emoji,2.747 ns,0.0778 ns,0.0043 ns,1.00,0.00,0 B,NA
'Span.LastIndexOf UTF-8',ShortRun,False,Default,Default,Default,Default,Default,Default,0000000000000000,Empty,RyuJit,Default,Arm64,8c5e7fda-e8bf-4a96-9a85-a6e23a8c635c,.NET 10.0,False,True,False,True,Default,Default,False,False,False,Default,Default,Default,Default,Default,Default,Default,Default,3,Default,1,Default,Default,Default,Default,Default,Default,16,3,256,Emoji,1.760 ns,0.2560 ns,0.0140 ns,0.64,0.00,0 B,NA
'Text.LastRuneIndexOf UTF-8',ShortRun,False,Default,Default,Default,Default,Default,Default,0000000000000000,Empty,RyuJit,Default,Arm64,8c5e7fda-e8bf-4a96-9a85-a6e23a8c635c,.NET 10.0,False,True,False,True,Default,Default,False,False,False,Default,Default,Default,Default,Default,Default,Default,Default,3,Default,1,Default,Default,Default,Default,Default,Default,16,3,256,Emoji,25.113 ns,3.9228 ns,0.2150 ns,9.14,0.07,0 B,NA
'Text.LastRuneIndexOf UTF-16',ShortRun,False,Default,Default,Default,Default,Default,Default,0000000000000000,Empty,RyuJit,Default,Arm64,8c5e7fda-e8bf-4a96-9a85-a6e23a8c635c,.NET 10.0,False,True,False,True,Default,Default,False,False,False,Default,Default,Default,Default,Default,Default,Default,Default,3,Default,1,Default,Default,Default,Default,Default,Default,16,3,256,Emoji,35.107 ns,5.7182 ns,0.3134 ns,12.78,0.10,0 B,NA
'Text.LastRuneIndexOf UTF-32',ShortRun,False,Default,Default,Default,Default,Default,Default,0000000000000000,Empty,RyuJit,Default,Arm64,8c5e7fda-e8bf-4a96-9a85-a6e23a8c635c,.NET 10.0,False,True,False,True,Default,Default,False,False,False,Default,Default,Default,Default,Default,Default,Default,Default,3,Default,1,Default,Default,Default,Default,Default,Default,16,3,256,Emoji,41.025 ns,1.0589 ns,0.0580 ns,14.94,0.03,0 B,NA
'string.LastIndexOf miss',ShortRun,False,Default,Default,Default,Default,Default,Default,0000000000000000,Empty,RyuJit,Default,Arm64,8c5e7fda-e8bf-4a96-9a85-a6e23a8c635c,.NET 10.0,False,True,False,True,Default,Default,False,False,False,Default,Default,Default,Default,Default,Default,Default,Default,3,Default,1,Default,Default,Default,Default,Default,Default,16,3,256,Emoji,17.069 ns,5.2644 ns,0.2886 ns,6.21,0.09,0 B,NA
'Span.LastIndexOf UTF-8 miss',ShortRun,False,Default,Default,Default,Default,Default,Default,0000000000000000,Empty,RyuJit,Default,Arm64,8c5e7fda-e8bf-4a96-9a85-a6e23a8c635c,.NET 10.0,False,True,False,True,Default,Default,False,False,False,Default,Default,Default,Default,Default,Default,Default,Default,3,Default,1,Default,Default,Default,Default,Default,Default,16,3,256,Emoji,23.497 ns,2.8477 ns,0.1561 ns,8.56,0.05,0 B,NA
'Text.LastRuneIndexOf UTF-8 miss',ShortRun,False,Default,Default,Default,Default,Default,Default,0000000000000000,Empty,RyuJit,Default,Arm64,8c5e7fda-e8bf-4a96-9a85-a6e23a8c635c,.NET 10.0,False,True,False,True,Default,Default,False,False,False,Default,Default,Default,Default,Default,Default,Default,Default,3,Default,1,Default,Default,Default,Default,Default,Default,16,3,256,Emoji,28.258 ns,4.1302 ns,0.2264 ns,10.29,0.07,0 B,NA
'Text.LastRuneIndexOf UTF-16 miss',ShortRun,False,Default,Default,Default,Default,Default,Default,0000000000000000,Empty,RyuJit,Default,Arm64,8c5e7fda-e8bf-4a96-9a85-a6e23a8c635c,.NET 10.0,False,True,False,True,Default,Default,False,False,False,Default,Default,Default,Default,Default,Default,Default,Default,3,Default,1,Default,Default,Default,Default,Default,Default,16,3,256,Emoji,36.708 ns,7.1728 ns,0.3932 ns,13.36,0.13,0 B,NA
'Text.LastRuneIndexOf UTF-32 miss',ShortRun,False,Default,Default,Default,Default,Default,Default,0000000000000000,Empty,RyuJit,Default,Arm64,8c5e7fda-e8bf-4a96-9a85-a6e23a8c635c,.NET 10.0,False,True,False,True,Default,Default,False,False,False,Default,Default,Default,Default,Default,Default,Default,Default,3,Default,1,Default,Default,Default,Default,Default,Default,16,3,256,Emoji,40.261 ns,13.1789 ns,0.7224 ns,14.66,0.23,0 B,NA
string.LastIndexOf,ShortRun,False,Default,Default,Default,Default,Default,Default,0000000000000000,Empty,RyuJit,Default,Arm64,8c5e7fda-e8bf-4a96-9a85-a6e23a8c635c,.NET 10.0,False,True,False,True,Default,Default,False,False,False,Default,Default,Default,Default,Default,Default,Default,Default,3,Default,1,Default,Default,Default,Default,Default,Default,16,3,256,Mixed,2.261 ns,0.1403 ns,0.0077 ns,1.00,0.00,0 B,NA
'Span.LastIndexOf UTF-8',ShortRun,False,Default,Default,Default,Default,Default,Default,0000000000000000,Empty,RyuJit,Default,Arm64,8c5e7fda-e8bf-4a96-9a85-a6e23a8c635c,.NET 10.0,False,True,False,True,Default,Default,False,False,False,Default,Default,Default,Default,Default,Default,Default,Default,3,Default,1,Default,Default,Default,Default,Default,Default,16,3,256,Mixed,1.357 ns,0.0125 ns,0.0007 ns,0.60,0.00,0 B,NA
'Text.LastRuneIndexOf UTF-8',ShortRun,False,Default,Default,Default,Default,Default,Default,0000000000000000,Empty,RyuJit,Default,Arm64,8c5e7fda-e8bf-4a96-9a85-a6e23a8c635c,.NET 10.0,False,True,False,True,Default,Default,False,False,False,Default,Default,Default,Default,Default,Default,Default,Default,3,Default,1,Default,Default,Default,Default,Default,Default,16,3,256,Mixed,18.144 ns,3.5094 ns,0.1924 ns,8.03,0.08,0 B,NA
'Text.LastRuneIndexOf UTF-16',ShortRun,False,Default,Default,Default,Default,Default,Default,0000000000000000,Empty,RyuJit,Default,Arm64,8c5e7fda-e8bf-4a96-9a85-a6e23a8c635c,.NET 10.0,False,True,False,True,Default,Default,False,False,False,Default,Default,Default,Default,Default,Default,Default,Default,3,Default,1,Default,Default,Default,Default,Default,Default,16,3,256,Mixed,23.812 ns,0.4270 ns,0.0234 ns,10.53,0.03,0 B,NA
'Text.LastRuneIndexOf UTF-32',ShortRun,False,Default,Default,Default,Default,Default,Default,0000000000000000,Empty,RyuJit,Default,Arm64,8c5e7fda-e8bf-4a96-9a85-a6e23a8c635c,.NET 10.0,False,True,False,True,Default,Default,False,False,False,Default,Default,Default,Default,Default,Default,Default,Default,3,Default,1,Default,Default,Default,Default,Default,Default,16,3,256,Mixed,24.481 ns,3.1698 ns,0.1737 ns,10.83,0.07,0 B,NA
'string.LastIndexOf miss',ShortRun,False,Default,Default,Default,Default,Default,Default,0000000000000000,Empty,RyuJit,Default,Arm64,8c5e7fda-e8bf-4a96-9a85-a6e23a8c635c,.NET 10.0,False,True,False,True,Default,Default,False,False,False,Default,Default,Default,Default,Default,Default,Default,Default,3,Default,1,Default,Default,Default,Default,Default,Default,16,3,256,Mixed,17.563 ns,3.7762 ns,0.2070 ns,7.77,0.08,0 B,NA
'Span.LastIndexOf UTF-8 miss',ShortRun,False,Default,Default,Default,Default,Default,Default,0000000000000000,Empty,RyuJit,Default,Arm64,8c5e7fda-e8bf-4a96-9a85-a6e23a8c635c,.NET 10.0,False,True,False,True,Default,Default,False,False,False,Default,Default,Default,Default,Default,Default,Default,Default,3,Default,1,Default,Default,Default,Default,Default,Default,16,3,256,Mixed,10.575 ns,0.4020 ns,0.0220 ns,4.68,0.02,0 B,NA
'Text.LastRuneIndexOf UTF-8 miss',ShortRun,False,Default,Default,Default,Default,Default,Default,0000000000000000,Empty,RyuJit,Default,Arm64,8c5e7fda-e8bf-4a96-9a85-a6e23a8c635c,.NET 10.0,False,True,False,True,Default,Default,False,False,False,Default,Default,Default,Default,Default,Default,Default,Default,3,Default,1,Default,Default,Default,Default,Default,Default,16,3,256,Mixed,11.886 ns,0.5106 ns,0.0280 ns,5.26,0.02,0 B,NA
'Text.LastRuneIndexOf UTF-16 miss',ShortRun,False,Default,Default,Default,Default,Default,Default,0000000000000000,Empty,RyuJit,Default,Arm64,8c5e7fda-e8bf-4a96-9a85-a6e23a8c635c,.NET 10.0,False,True,False,True,Default,Default,False,False,False,Default,Default,Default,Default,Default,Default,Default,Default,3,Default,1,Default,Default,Default,Default,Default,Default,16,3,256,Mixed,24.754 ns,1.9330 ns,0.1060 ns,10.95,0.05,0 B,NA
'Text.LastRuneIndexOf UTF-32 miss',ShortRun,False,Default,Default,Default,Default,Default,Default,0000000000000000,Empty,RyuJit,Default,Arm64,8c5e7fda-e8bf-4a96-9a85-a6e23a8c635c,.NET 10.0,False,True,False,True,Default,Default,False,False,False,Default,Default,Default,Default,Default,Default,Default,Default,3,Default,1,Default,Default,Default,Default,Default,Default,16,3,256,Mixed,29.938 ns,3.7329 ns,0.2046 ns,13.24,0.09,0 B,NA
string.LastIndexOf,ShortRun,False,Default,Default,Default,Default,Default,Default,0000000000000000,Empty,RyuJit,Default,Arm64,8c5e7fda-e8bf-4a96-9a85-a6e23a8c635c,.NET 10.0,False,True,False,True,Default,Default,False,False,False,Default,Default,Default,Default,Default,Default,Default,Default,3,Default,1,Default,Default,Default,Default,Default,Default,16,3,4096,Ascii,2.284 ns,0.2699 ns,0.0148 ns,1.00,0.01,0 B,NA
'Span.LastIndexOf UTF-8',ShortRun,False,Default,Default,Default,Default,Default,Default,0000000000000000,Empty,RyuJit,Default,Arm64,8c5e7fda-e8bf-4a96-9a85-a6e23a8c635c,.NET 10.0,False,True,False,True,Default,Default,False,False,False,Default,Default,Default,Default,Default,Default,Default,Default,3,Default,1,Default,Default,Default,Default,Default,Default,16,3,4096,Ascii,1.470 ns,0.2701 ns,0.0148 ns,0.64,0.01,0 B,NA
'Text.LastRuneIndexOf UTF-8',ShortRun,False,Default,Default,Default,Default,Default,Default,0000000000000000,Empty,RyuJit,Default,Arm64,8c5e7fda-e8bf-4a96-9a85-a6e23a8c635c,.NET 10.0,False,True,False,True,Default,Default,False,False,False,Default,Default,Default,Default,Default,Default,Default,Default,3,Default,1,Default,Default,Default,Default,Default,Default,16,3,4096,Ascii,147.143 ns,26.4955 ns,1.4523 ns,64.43,0.66,0 B,NA
'Text.LastRuneIndexOf UTF-16',ShortRun,False,Default,Default,Default,Default,Default,Default,0000000000000000,Empty,RyuJit,Default,Arm64,8c5e7fda-e8bf-4a96-9a85-a6e23a8c635c,.NET 10.0,False,True,False,True,Default,Default,False,False,False,Default,Default,Default,Default,Default,Default,Default,Default,3,Default,1,Default,Default,Default,Default,Default,Default,16,3,4096,Ascii,153.352 ns,11.1778 ns,0.6127 ns,67.15,0.44,0 B,NA
'Text.LastRuneIndexOf UTF-32',ShortRun,False,Default,Default,Default,Default,Default,Default,0000000000000000,Empty,RyuJit,Default,Arm64,8c5e7fda-e8bf-4a96-9a85-a6e23a8c635c,.NET 10.0,False,True,False,True,Default,Default,False,False,False,Default,Default,Default,Default,Default,Default,Default,Default,3,Default,1,Default,Default,Default,Default,Default,Default,16,3,4096,Ascii,153.208 ns,4.3861 ns,0.2404 ns,67.08,0.39,0 B,NA
'string.LastIndexOf miss',ShortRun,False,Default,Default,Default,Default,Default,Default,0000000000000000,Empty,RyuJit,Default,Arm64,8c5e7fda-e8bf-4a96-9a85-a6e23a8c635c,.NET 10.0,False,True,False,True,Default,Default,False,False,False,Default,Default,Default,Default,Default,Default,Default,Default,3,Default,1,Default,Default,Default,Default,Default,Default,16,3,4096,Ascii,262.494 ns,22.3355 ns,1.2243 ns,114.93,0.79,0 B,NA
'Span.LastIndexOf UTF-8 miss',ShortRun,False,Default,Default,Default,Default,Default,Default,0000000000000000,Empty,RyuJit,Default,Arm64,8c5e7fda-e8bf-4a96-9a85-a6e23a8c635c,.NET 10.0,False,True,False,True,Default,Default,False,False,False,Default,Default,Default,Default,Default,Default,Default,Default,3,Default,1,Default,Default,Default,Default,Default,Default,16,3,4096,Ascii,134.185 ns,6.4307 ns,0.3525 ns,58.75,0.36,0 B,NA
'Text.LastRuneIndexOf UTF-8 miss',ShortRun,False,Default,Default,Default,Default,Default,Default,0000000000000000,Empty,RyuJit,Default,Arm64,8c5e7fda-e8bf-4a96-9a85-a6e23a8c635c,.NET 10.0,False,True,False,True,Default,Default,False,False,False,Default,Default,Default,Default,Default,Default,Default,Default,3,Default,1,Default,Default,Default,Default,Default,Default,16,3,4096,Ascii,135.841 ns,4.8824 ns,0.2676 ns,59.48,0.35,0 B,NA
'Text.LastRuneIndexOf UTF-16 miss',ShortRun,False,Default,Default,Default,Default,Default,Default,0000000000000000,Empty,RyuJit,Default,Arm64,8c5e7fda-e8bf-4a96-9a85-a6e23a8c635c,.NET 10.0,False,True,False,True,Default,Default,False,False,False,Default,Default,Default,Default,Default,Default,Default,Default,3,Default,1,Default,Default,Default,Default,Default,Default,16,3,4096,Ascii,143.958 ns,24.6241 ns,1.3497 ns,63.03,0.62,0 B,NA
'Text.LastRuneIndexOf UTF-32 miss',ShortRun,False,Default,Default,Default,Default,Default,Default,0000000000000000,Empty,RyuJit,Default,Arm64,8c5e7fda-e8bf-4a96-9a85-a6e23a8c635c,.NET 10.0,False,True,False,True,Default,Default,False,False,False,Default,Default,Default,Default,Default,Default,Default,Default,3,Default,1,Default,Default,Default,Default,Default,Default,16,3,4096,Ascii,143.467 ns,35.5958 ns,1.9511 ns,62.82,0.82,0 B,NA
string.LastIndexOf,ShortRun,False,Default,Default,Default,Default,Default,Default,0000000000000000,Empty,RyuJit,Default,Arm64,8c5e7fda-e8bf-4a96-9a85-a6e23a8c635c,.NET 10.0,False,True,False,True,Default,Default,False,False,False,Default,Default,Default,Default,Default,Default,Default,Default,3,Default,1,Default,Default,Default,Default,Default,Default,16,3,4096,Latin,262.890 ns,28.4226 ns,1.5579 ns,1.00,0.01,0 B,NA
'Span.LastIndexOf UTF-8',ShortRun,False,Default,Default,Default,Default,Default,Default,0000000000000000,Empty,RyuJit,Default,Arm64,8c5e7fda-e8bf-4a96-9a85-a6e23a8c635c,.NET 10.0,False,True,False,True,Default,Default,False,False,False,Default,Default,Default,Default,Default,Default,Default,Default,3,Default,1,Default,Default,Default,Default,Default,Default,16,3,4096,Latin,160.041 ns,42.0553 ns,2.3052 ns,0.61,0.01,0 B,NA
'Text.LastRuneIndexOf UTF-8',ShortRun,False,Default,Default,Default,Default,Default,Default,0000000000000000,Empty,RyuJit,Default,Arm64,8c5e7fda-e8bf-4a96-9a85-a6e23a8c635c,.NET 10.0,False,True,False,True,Default,Default,False,False,False,Default,Default,Default,Default,Default,Default,Default,Default,3,Default,1,Default,Default,Default,Default,Default,Default,16,3,4096,Latin,161.751 ns,53.0638 ns,2.9086 ns,0.62,0.01,0 B,NA
'Text.LastRuneIndexOf UTF-16',ShortRun,False,Default,Default,Default,Default,Default,Default,0000000000000000,Empty,RyuJit,Default,Arm64,8c5e7fda-e8bf-4a96-9a85-a6e23a8c635c,.NET 10.0,False,True,False,True,Default,Default,False,False,False,Default,Default,Default,Default,Default,Default,Default,Default,3,Default,1,Default,Default,Default,Default,Default,Default,16,3,4096,Latin,140.889 ns,19.1704 ns,1.0508 ns,0.54,0.00,0 B,NA
'Text.LastRuneIndexOf UTF-32',ShortRun,False,Default,Default,Default,Default,Default,Default,0000000000000000,Empty,RyuJit,Default,Arm64,8c5e7fda-e8bf-4a96-9a85-a6e23a8c635c,.NET 10.0,False,True,False,True,Default,Default,False,False,False,Default,Default,Default,Default,Default,Default,Default,Default,3,Default,1,Default,Default,Default,Default,Default,Default,16,3,4096,Latin,188.532 ns,33.8746 ns,1.8568 ns,0.72,0.01,0 B,NA
'string.LastIndexOf miss',ShortRun,False,Default,Default,Default,Default,Default,Default,0000000000000000,Empty,RyuJit,Default,Arm64,8c5e7fda-e8bf-4a96-9a85-a6e23a8c635c,.NET 10.0,False,True,False,True,Default,Default,False,False,False,Default,Default,Default,Default,Default,Default,Default,Default,3,Default,1,Default,Default,Default,Default,Default,Default,16,3,4096,Latin,264.281 ns,91.2401 ns,5.0012 ns,1.01,0.02,0 B,NA
'Span.LastIndexOf UTF-8 miss',ShortRun,False,Default,Default,Default,Default,Default,Default,0000000000000000,Empty,RyuJit,Default,Arm64,8c5e7fda-e8bf-4a96-9a85-a6e23a8c635c,.NET 10.0,False,True,False,True,Default,Default,False,False,False,Default,Default,Default,Default,Default,Default,Default,Default,3,Default,1,Default,Default,Default,Default,Default,Default,16,3,4096,Latin,159.408 ns,4.6487 ns,0.2548 ns,0.61,0.00,0 B,NA
'Text.LastRuneIndexOf UTF-8 miss',ShortRun,False,Default,Default,Default,Default,Default,Default,0000000000000000,Empty,RyuJit,Default,Arm64,8c5e7fda-e8bf-4a96-9a85-a6e23a8c635c,.NET 10.0,False,True,False,True,Default,Default,False,False,False,Default,Default,Default,Default,Default,Default,Default,Default,3,Default,1,Default,Default,Default,Default,Default,Default,16,3,4096,Latin,159.891 ns,2.9090 ns,0.1595 ns,0.61,0.00,0 B,NA
'Text.LastRuneIndexOf UTF-16 miss',ShortRun,False,Default,Default,Default,Default,Default,Default,0000000000000000,Empty,RyuJit,Default,Arm64,8c5e7fda-e8bf-4a96-9a85-a6e23a8c635c,.NET 10.0,False,True,False,True,Default,Default,False,False,False,Default,Default,Default,Default,Default,Default,Default,Default,3,Default,1,Default,Default,Default,Default,Default,Default,16,3,4096,Latin,139.664 ns,7.7324 ns,0.4238 ns,0.53,0.00,0 B,NA
'Text.LastRuneIndexOf UTF-32 miss',ShortRun,False,Default,Default,Default,Default,Default,Default,0000000000000000,Empty,RyuJit,Default,Arm64,8c5e7fda-e8bf-4a96-9a85-a6e23a8c635c,.NET 10.0,False,True,False,True,Default,Default,False,False,False,Default,Default,Default,Default,Default,Default,Default,Default,3,Default,1,Default,Default,Default,Default,Default,Default,16,3,4096,Latin,189.364 ns,27.7222 ns,1.5195 ns,0.72,0.01,0 B,NA
string.LastIndexOf,ShortRun,False,Default,Default,Default,Default,Default,Default,0000000000000000,Empty,RyuJit,Default,Arm64,8c5e7fda-e8bf-4a96-9a85-a6e23a8c635c,.NET 10.0,False,True,False,True,Default,Default,False,False,False,Default,Default,Default,Default,Default,Default,Default,Default,3,Default,1,Default,Default,Default,Default,Default,Default,16,3,4096,Cjk,2.017 ns,0.0345 ns,0.0019 ns,1.00,0.00,0 B,NA
'Span.LastIndexOf UTF-8',ShortRun,False,Default,Default,Default,Default,Default,Default,0000000000000000,Empty,RyuJit,Default,Arm64,8c5e7fda-e8bf-4a96-9a85-a6e23a8c635c,.NET 10.0,False,True,False,True,Default,Default,False,False,False,Default,Default,Default,Default,Default,Default,Default,Default,3,Default,1,Default,Default,Default,Default,Default,Default,16,3,4096,Cjk,1.755 ns,0.5102 ns,0.0280 ns,0.87,0.01,0 B,NA
'Text.LastRuneIndexOf UTF-8',ShortRun,False,Default,Default,Default,Default,Default,Default,0000000000000000,Empty,RyuJit,Default,Arm64,8c5e7fda-e8bf-4a96-9a85-a6e23a8c635c,.NET 10.0,False,True,False,True,Default,Default,False,False,False,Default,Default,Default,Default,Default,Default,Default,Default,3,Default,1,Default,Default,Default,Default,Default,Default,16,3,4096,Cjk,436.197 ns,33.3512 ns,1.8281 ns,216.22,0.80,0 B,NA
'Text.LastRuneIndexOf UTF-16',ShortRun,False,Default,Default,Default,Default,Default,Default,0000000000000000,Empty,RyuJit,Default,Arm64,8c5e7fda-e8bf-4a96-9a85-a6e23a8c635c,.NET 10.0,False,True,False,True,Default,Default,False,False,False,Default,Default,Default,Default,Default,Default,Default,Default,3,Default,1,Default,Default,Default,Default,Default,Default,16,3,4096,Cjk,469.413 ns,210.9616 ns,11.5635 ns,232.68,4.97,0 B,NA
'Text.LastRuneIndexOf UTF-32',ShortRun,False,Default,Default,Default,Default,Default,Default,0000000000000000,Empty,RyuJit,Default,Arm64,8c5e7fda-e8bf-4a96-9a85-a6e23a8c635c,.NET 10.0,False,True,False,True,Default,Default,False,False,False,Default,Default,Default,Default,Default,Default,Default,Default,3,Default,1,Default,Default,Default,Default,Default,Default,16,3,4096,Cjk,469.074 ns,213.2159 ns,11.6871 ns,232.52,5.02,0 B,NA
'string.LastIndexOf miss',ShortRun,False,Default,Default,Default,Default,Default,Default,0000000000000000,Empty,RyuJit,Default,Arm64,8c5e7fda-e8bf-4a96-9a85-a6e23a8c635c,.NET 10.0,False,True,False,True,Default,Default,False,False,False,Default,Default,Default,Default,Default,Default,Default,Default,3,Default,1,Default,Default,Default,Default,Default,Default,16,3,4096,Cjk,264.860 ns,52.5615 ns,2.8811 ns,131.29,1.24,0 B,NA
'Span.LastIndexOf UTF-8 miss',ShortRun,False,Default,Default,Default,Default,Default,Default,0000000000000000,Empty,RyuJit,Default,Arm64,8c5e7fda-e8bf-4a96-9a85-a6e23a8c635c,.NET 10.0,False,True,False,True,Default,Default,False,False,False,Default,Default,Default,Default,Default,Default,Default,Default,3,Default,1,Default,Default,Default,Default,Default,Default,16,3,4096,Cjk,386.765 ns,90.2595 ns,4.9474 ns,191.72,2.13,0 B,NA
'Text.LastRuneIndexOf UTF-8 miss',ShortRun,False,Default,Default,Default,Default,Default,Default,0000000000000000,Empty,RyuJit,Default,Arm64,8c5e7fda-e8bf-4a96-9a85-a6e23a8c635c,.NET 10.0,False,True,False,True,Default,Default,False,False,False,Default,Default,Default,Default,Default,Default,Default,Default,3,Default,1,Default,Default,Default,Default,Default,Default,16,3,4096,Cjk,384.444 ns,24.3398 ns,1.3341 ns,190.57,0.59,0 B,NA
'Text.LastRuneIndexOf UTF-16 miss',ShortRun,False,Default,Default,Default,Default,Default,Default,0000000000000000,Empty,RyuJit,Default,Arm64,8c5e7fda-e8bf-4a96-9a85-a6e23a8c635c,.NET 10.0,False,True,False,True,Default,Default,False,False,False,Default,Default,Default,Default,Default,Default,Default,Default,3,Default,1,Default,Default,Default,Default,Default,Default,16,3,4096,Cjk,400.593 ns,69.8866 ns,3.8307 ns,198.57,1.65,0 B,NA
'Text.LastRuneIndexOf UTF-32 miss',ShortRun,False,Default,Default,Default,Default,Default,Default,0000000000000000,Empty,RyuJit,Default,Arm64,8c5e7fda-e8bf-4a96-9a85-a6e23a8c635c,.NET 10.0,False,True,False,True,Default,Default,False,False,False,Default,Default,Default,Default,Default,Default,Default,Default,3,Default,1,Default,Default,Default,Default,Default,Default,16,3,4096,Cjk,413.218 ns,50.6552 ns,2.7766 ns,204.83,1.20,0 B,NA
string.LastIndexOf,ShortRun,False,Default,Default,Default,Default,Default,Default,0000000000000000,Empty,RyuJit,Default,Arm64,8c5e7fda-e8bf-4a96-9a85-a6e23a8c635c,.NET 10.0,False,True,False,True,Default,Default,False,False,False,Default,Default,Default,Default,Default,Default,Default,Default,3,Default,1,Default,Default,Default,Default,Default,Default,16,3,4096,Emoji,2.787 ns,0.1770 ns,0.0097 ns,1.00,0.00,0 B,NA
'Span.LastIndexOf UTF-8',ShortRun,False,Default,Default,Default,Default,Default,Default,0000000000000000,Empty,RyuJit,Default,Arm64,8c5e7fda-e8bf-4a96-9a85-a6e23a8c635c,.NET 10.0,False,True,False,True,Default,Default,False,False,False,Default,Default,Default,Default,Default,Default,Default,Default,3,Default,1,Default,Default,Default,Default,Default,Default,16,3,4096,Emoji,1.778 ns,0.1004 ns,0.0055 ns,0.64,0.00,0 B,NA
'Text.LastRuneIndexOf UTF-8',ShortRun,False,Default,Default,Default,Default,Default,Default,0000000000000000,Empty,RyuJit,Default,Arm64,8c5e7fda-e8bf-4a96-9a85-a6e23a8c635c,.NET 10.0,False,True,False,True,Default,Default,False,False,False,Default,Default,Default,Default,Default,Default,Default,Default,3,Default,1,Default,Default,Default,Default,Default,Default,16,3,4096,Emoji,296.525 ns,18.6508 ns,1.0223 ns,106.41,0.45,0 B,NA
'Text.LastRuneIndexOf UTF-16',ShortRun,False,Default,Default,Default,Default,Default,Default,0000000000000000,Empty,RyuJit,Default,Arm64,8c5e7fda-e8bf-4a96-9a85-a6e23a8c635c,.NET 10.0,False,True,False,True,Default,Default,False,False,False,Default,Default,Default,Default,Default,Default,Default,Default,3,Default,1,Default,Default,Default,Default,Default,Default,16,3,4096,Emoji,303.288 ns,16.9915 ns,0.9314 ns,108.83,0.44,0 B,NA
'Text.LastRuneIndexOf UTF-32',ShortRun,False,Default,Default,Default,Default,Default,Default,0000000000000000,Empty,RyuJit,Default,Arm64,8c5e7fda-e8bf-4a96-9a85-a6e23a8c635c,.NET 10.0,False,True,False,True,Default,Default,False,False,False,Default,Default,Default,Default,Default,Default,Default,Default,3,Default,1,Default,Default,Default,Default,Default,Default,16,3,4096,Emoji,310.929 ns,46.9187 ns,2.5718 ns,111.57,0.87,0 B,NA
'string.LastIndexOf miss',ShortRun,False,Default,Default,Default,Default,Default,Default,0000000000000000,Empty,RyuJit,Default,Arm64,8c5e7fda-e8bf-4a96-9a85-a6e23a8c635c,.NET 10.0,False,True,False,True,Default,Default,False,False,False,Default,Default,Default,Default,Default,Default,Default,Default,3,Default,1,Default,Default,Default,Default,Default,Default,16,3,4096,Emoji,261.754 ns,6.0234 ns,0.3302 ns,93.93,0.30,0 B,NA
'Span.LastIndexOf UTF-8 miss',ShortRun,False,Default,Default,Default,Default,Default,Default,0000000000000000,Empty,RyuJit,Default,Arm64,8c5e7fda-e8bf-4a96-9a85-a6e23a8c635c,.NET 10.0,False,True,False,True,Default,Default,False,False,False,Default,Default,Default,Default,Default,Default,Default,Default,3,Default,1,Default,Default,Default,Default,Default,Default,16,3,4096,Emoji,358.156 ns,25.6307 ns,1.4049 ns,128.52,0.58,0 B,NA
'Text.LastRuneIndexOf UTF-8 miss',ShortRun,False,Default,Default,Default,Default,Default,Default,0000000000000000,Empty,RyuJit,Default,Arm64,8c5e7fda-e8bf-4a96-9a85-a6e23a8c635c,.NET 10.0,False,True,False,True,Default,Default,False,False,False,Default,Default,Default,Default,Default,Default,Default,Default,3,Default,1,Default,Default,Default,Default,Default,Default,16,3,4096,Emoji,362.000 ns,4.7794 ns,0.2620 ns,129.90,0.40,0 B,NA
'Text.LastRuneIndexOf UTF-16 miss',ShortRun,False,Default,Default,Default,Default,Default,Default,0000000000000000,Empty,RyuJit,Default,Arm64,8c5e7fda-e8bf-4a96-9a85-a6e23a8c635c,.NET 10.0,False,True,False,True,Default,Default,False,False,False,Default,Default,Default,Default,Default,Default,Default,Default,3,Default,1,Default,Default,Default,Default,Default,Default,16,3,4096,Emoji,374.073 ns,17.7307 ns,0.9719 ns,134.23,0.51,0 B,NA
'Text.LastRuneIndexOf UTF-32 miss',ShortRun,False,Default,Default,Default,Default,Default,Default,0000000000000000,Empty,RyuJit,Default,Arm64,8c5e7fda-e8bf-4a96-9a85-a6e23a8c635c,.NET 10.0,False,True,False,True,Default,Default,False,False,False,Default,Default,Default,Default,Default,Default,Default,Default,3,Default,1,Default,Default,Default,Default,Default,Default,16,3,4096,Emoji,320.601 ns,78.4795 ns,4.3017 ns,115.05,1.38,0 B,NA
string.LastIndexOf,ShortRun,False,Default,Default,Default,Default,Default,Default,0000000000000000,Empty,RyuJit,Default,Arm64,8c5e7fda-e8bf-4a96-9a85-a6e23a8c635c,.NET 10.0,False,True,False,True,Default,Default,False,False,False,Default,Default,Default,Default,Default,Default,Default,Default,3,Default,1,Default,Default,Default,Default,Default,Default,16,3,4096,Mixed,3.514 ns,0.1414 ns,0.0078 ns,1.00,0.00,0 B,NA
'Span.LastIndexOf UTF-8',ShortRun,False,Default,Default,Default,Default,Default,Default,0000000000000000,Empty,RyuJit,Default,Arm64,8c5e7fda-e8bf-4a96-9a85-a6e23a8c635c,.NET 10.0,False,True,False,True,Default,Default,False,False,False,Default,Default,Default,Default,Default,Default,Default,Default,3,Default,1,Default,Default,Default,Default,Default,Default,16,3,4096,Mixed,2.216 ns,0.0242 ns,0.0013 ns,0.63,0.00,0 B,NA
'Text.LastRuneIndexOf UTF-8',ShortRun,False,Default,Default,Default,Default,Default,Default,0000000000000000,Empty,RyuJit,Default,Arm64,8c5e7fda-e8bf-4a96-9a85-a6e23a8c635c,.NET 10.0,False,True,False,True,Default,Default,False,False,False,Default,Default,Default,Default,Default,Default,Default,Default,3,Default,1,Default,Default,Default,Default,Default,Default,16,3,4096,Mixed,186.402 ns,2.8561 ns,0.1566 ns,53.05,0.11,0 B,NA
'Text.LastRuneIndexOf UTF-16',ShortRun,False,Default,Default,Default,Default,Default,Default,0000000000000000,Empty,RyuJit,Default,Arm64,8c5e7fda-e8bf-4a96-9a85-a6e23a8c635c,.NET 10.0,False,True,False,True,Default,Default,False,False,False,Default,Default,Default,Default,Default,Default,Default,Default,3,Default,1,Default,Default,Default,Default,Default,Default,16,3,4096,Mixed,193.394 ns,13.1305 ns,0.7197 ns,55.04,0.21,0 B,NA
'Text.LastRuneIndexOf UTF-32',ShortRun,False,Default,Default,Default,Default,Default,Default,0000000000000000,Empty,RyuJit,Default,Arm64,8c5e7fda-e8bf-4a96-9a85-a6e23a8c635c,.NET 10.0,False,True,False,True,Default,Default,False,False,False,Default,Default,Default,Default,Default,Default,Default,Default,3,Default,1,Default,Default,Default,Default,Default,Default,16,3,4096,Mixed,196.042 ns,7.8452 ns,0.4300 ns,55.79,0.15,0 B,NA
'string.LastIndexOf miss',ShortRun,False,Default,Default,Default,Default,Default,Default,0000000000000000,Empty,RyuJit,Default,Arm64,8c5e7fda-e8bf-4a96-9a85-a6e23a8c635c,.NET 10.0,False,True,False,True,Default,Default,False,False,False,Default,Default,Default,Default,Default,Default,Default,Default,3,Default,1,Default,Default,Default,Default,Default,Default,16,3,4096,Mixed,259.908 ns,10.7306 ns,0.5882 ns,73.97,0.20,0 B,NA
'Span.LastIndexOf UTF-8 miss',ShortRun,False,Default,Default,Default,Default,Default,Default,0000000000000000,Empty,RyuJit,Default,Arm64,8c5e7fda-e8bf-4a96-9a85-a6e23a8c635c,.NET 10.0,False,True,False,True,Default,Default,False,False,False,Default,Default,Default,Default,Default,Default,Default,Default,3,Default,1,Default,Default,Default,Default,Default,Default,16,3,4096,Mixed,172.079 ns,0.0885 ns,0.0048 ns,48.97,0.09,0 B,NA
'Text.LastRuneIndexOf UTF-8 miss',ShortRun,False,Default,Default,Default,Default,Default,Default,0000000000000000,Empty,RyuJit,Default,Arm64,8c5e7fda-e8bf-4a96-9a85-a6e23a8c635c,.NET 10.0,False,True,False,True,Default,Default,False,False,False,Default,Default,Default,Default,Default,Default,Default,Default,3,Default,1,Default,Default,Default,Default,Default,Default,16,3,4096,Mixed,173.409 ns,11.2950 ns,0.6191 ns,49.35,0.18,0 B,NA
'Text.LastRuneIndexOf UTF-16 miss',ShortRun,False,Default,Default,Default,Default,Default,Default,0000000000000000,Empty,RyuJit,Default,Arm64,8c5e7fda-e8bf-4a96-9a85-a6e23a8c635c,.NET 10.0,False,True,False,True,Default,Default,False,False,False,Default,Default,Default,Default,Default,Default,Default,Default,3,Default,1,Default,Default,Default,Default,Default,Default,16,3,4096,Mixed,185.539 ns,7.0710 ns,0.3876 ns,52.80,0.14,0 B,NA
'Text.LastRuneIndexOf UTF-32 miss',ShortRun,False,Default,Default,Default,Default,Default,Default,0000000000000000,Empty,RyuJit,Default,Arm64,8c5e7fda-e8bf-4a96-9a85-a6e23a8c635c,.NET 10.0,False,True,False,True,Default,Default,False,False,False,Default,Default,Default,Default,Default,Default,Default,Default,3,Default,1,Default,Default,Default,Default,Default,Default,16,3,4096,Mixed,193.697 ns,7.8538 ns,0.4305 ns,55.13,0.15,0 B,NA
string.LastIndexOf,ShortRun,False,Default,Default,Default,Default,Default,Default,0000000000000000,Empty,RyuJit,Default,Arm64,8c5e7fda-e8bf-4a96-9a85-a6e23a8c635c,.NET 10.0,False,True,False,True,Default,Default,False,False,False,Default,Default,Default,Default,Default,Default,Default,Default,3,Default,1,Default,Default,Default,Default,Default,Default,16,3,65536,Ascii,3.510 ns,0.0359 ns,0.0020 ns,1.00,0.00,0 B,NA
'Span.LastIndexOf UTF-8',ShortRun,False,Default,Default,Default,Default,Default,Default,0000000000000000,Empty,RyuJit,Default,Arm64,8c5e7fda-e8bf-4a96-9a85-a6e23a8c635c,.NET 10.0,False,True,False,True,Default,Default,False,False,False,Default,Default,Default,Default,Default,Default,Default,Default,3,Default,1,Default,Default,Default,Default,Default,Default,16,3,65536,Ascii,1.898 ns,0.2026 ns,0.0111 ns,0.54,0.00,0 B,NA
'Text.LastRuneIndexOf UTF-8',ShortRun,False,Default,Default,Default,Default,Default,Default,0000000000000000,Empty,RyuJit,Default,Arm64,8c5e7fda-e8bf-4a96-9a85-a6e23a8c635c,.NET 10.0,False,True,False,True,Default,Default,False,False,False,Default,Default,Default,Default,Default,Default,Default,Default,3,Default,1,Default,Default,Default,Default,Default,Default,16,3,65536,Ascii,"2,247.907 ns",107.0889 ns,5.8699 ns,640.48,1.48,0 B,NA
'Text.LastRuneIndexOf UTF-16',ShortRun,False,Default,Default,Default,Default,Default,Default,0000000000000000,Empty,RyuJit,Default,Arm64,8c5e7fda-e8bf-4a96-9a85-a6e23a8c635c,.NET 10.0,False,True,False,True,Default,Default,False,False,False,Default,Default,Default,Default,Default,Default,Default,Default,3,Default,1,Default,Default,Default,Default,Default,Default,16,3,65536,Ascii,"2,334.709 ns",90.7453 ns,4.9741 ns,665.22,1.27,0 B,NA
'Text.LastRuneIndexOf UTF-32',ShortRun,False,Default,Default,Default,Default,Default,Default,0000000000000000,Empty,RyuJit,Default,Arm64,8c5e7fda-e8bf-4a96-9a85-a6e23a8c635c,.NET 10.0,False,True,False,True,Default,Default,False,False,False,Default,Default,Default,Default,Default,Default,Default,Default,3,Default,1,Default,Default,Default,Default,Default,Default,16,3,65536,Ascii,"2,302.615 ns",675.3118 ns,37.0161 ns,656.07,9.14,0 B,NA
'string.LastIndexOf miss',ShortRun,False,Default,Default,Default,Default,Default,Default,0000000000000000,Empty,RyuJit,Default,Arm64,8c5e7fda-e8bf-4a96-9a85-a6e23a8c635c,.NET 10.0,False,True,False,True,Default,Default,False,False,False,Default,Default,Default,Default,Default,Default,Default,Default,3,Default,1,Default,Default,Default,Default,Default,Default,16,3,65536,Ascii,"4,037.775 ns",622.3579 ns,34.1135 ns,"1,150.46",8.44,0 B,NA
'Span.LastIndexOf UTF-8 miss',ShortRun,False,Default,Default,Default,Default,Default,Default,0000000000000000,Empty,RyuJit,Default,Arm64,8c5e7fda-e8bf-4a96-9a85-a6e23a8c635c,.NET 10.0,False,True,False,True,Default,Default,False,False,False,Default,Default,Default,Default,Default,Default,Default,Default,3,Default,1,Default,Default,Default,Default,Default,Default,16,3,65536,Ascii,"1,639.301 ns",61.3784 ns,3.3644 ns,467.08,0.86,0 B,NA
'Text.LastRuneIndexOf UTF-8 miss',ShortRun,False,Default,Default,Default,Default,Default,Default,0000000000000000,Empty,RyuJit,Default,Arm64,8c5e7fda-e8bf-4a96-9a85-a6e23a8c635c,.NET 10.0,False,True,False,True,Default,Default,False,False,False,Default,Default,Default,Default,Default,Default,Default,Default,3,Default,1,Default,Default,Default,Default,Default,Default,16,3,65536,Ascii,"2,006.961 ns",99.0084 ns,5.4270 ns,571.83,1.37,0 B,NA
'Text.LastRuneIndexOf UTF-16 miss',ShortRun,False,Default,Default,Default,Default,Default,Default,0000000000000000,Empty,RyuJit,Default,Arm64,8c5e7fda-e8bf-4a96-9a85-a6e23a8c635c,.NET 10.0,False,True,False,True,Default,Default,False,False,False,Default,Default,Default,Default,Default,Default,Default,Default,3,Default,1,Default,Default,Default,Default,Default,Default,16,3,65536,Ascii,"2,012.431 ns",49.4099 ns,2.7083 ns,573.39,0.72,0 B,NA
'Text.LastRuneIndexOf UTF-32 miss',ShortRun,False,Default,Default,Default,Default,Default,Default,0000000000000000,Empty,RyuJit,Default,Arm64,8c5e7fda-e8bf-4a96-9a85-a6e23a8c635c,.NET 10.0,False,True,False,True,Default,Default,False,False,False,Default,Default,Default,Default,Default,Default,Default,Default,3,Default,1,Default,Default,Default,Default,Default,Default,16,3,65536,Ascii,"1,992.151 ns",223.4091 ns,12.2458 ns,567.61,3.03,0 B,NA
string.LastIndexOf,ShortRun,False,Default,Default,Default,Default,Default,Default,0000000000000000,Empty,RyuJit,Default,Arm64,8c5e7fda-e8bf-4a96-9a85-a6e23a8c635c,.NET 10.0,False,True,False,True,Default,Default,False,False,False,Default,Default,Default,Default,Default,Default,Default,Default,3,Default,1,Default,Default,Default,Default,Default,Default,16,3,65536,Latin,"4,020.287 ns",843.7202 ns,46.2472 ns,1.00,0.01,0 B,NA
'Span.LastIndexOf UTF-8',ShortRun,False,Default,Default,Default,Default,Default,Default,0000000000000000,Empty,RyuJit,Default,Arm64,8c5e7fda-e8bf-4a96-9a85-a6e23a8c635c,.NET 10.0,False,True,False,True,Default,Default,False,False,False,Default,Default,Default,Default,Default,Default,Default,Default,3,Default,1,Default,Default,Default,Default,Default,Default,16,3,65536,Latin,"1,962.386 ns",49.8521 ns,2.7326 ns,0.49,0.00,0 B,NA
'Text.LastRuneIndexOf UTF-8',ShortRun,False,Default,Default,Default,Default,Default,Default,0000000000000000,Empty,RyuJit,Default,Arm64,8c5e7fda-e8bf-4a96-9a85-a6e23a8c635c,.NET 10.0,False,True,False,True,Default,Default,False,False,False,Default,Default,Default,Default,Default,Default,Default,Default,3,Default,1,Default,Default,Default,Default,Default,Default,16,3,65536,Latin,"2,415.233 ns",173.0172 ns,9.4837 ns,0.60,0.01,0 B,NA
'Text.LastRuneIndexOf UTF-16',ShortRun,False,Default,Default,Default,Default,Default,Default,0000000000000000,Empty,RyuJit,Default,Arm64,8c5e7fda-e8bf-4a96-9a85-a6e23a8c635c,.NET 10.0,False,True,False,True,Default,Default,False,False,False,Default,Default,Default,Default,Default,Default,Default,Default,3,Default,1,Default,Default,Default,Default,Default,Default,16,3,65536,Latin,"1,975.408 ns",97.9935 ns,5.3714 ns,0.49,0.01,0 B,NA
'Text.LastRuneIndexOf UTF-32',ShortRun,False,Default,Default,Default,Default,Default,Default,0000000000000000,Empty,RyuJit,Default,Arm64,8c5e7fda-e8bf-4a96-9a85-a6e23a8c635c,.NET 10.0,False,True,False,True,Default,Default,False,False,False,Default,Default,Default,Default,Default,Default,Default,Default,3,Default,1,Default,Default,Default,Default,Default,Default,16,3,65536,Latin,"2,020.854 ns",763.5186 ns,41.8510 ns,0.50,0.01,0 B,NA
'string.LastIndexOf miss',ShortRun,False,Default,Default,Default,Default,Default,Default,0000000000000000,Empty,RyuJit,Default,Arm64,8c5e7fda-e8bf-4a96-9a85-a6e23a8c635c,.NET 10.0,False,True,False,True,Default,Default,False,False,False,Default,Default,Default,Default,Default,Default,Default,Default,3,Default,1,Default,Default,Default,Default,Default,Default,16,3,65536,Latin,"4,010.317 ns",176.5659 ns,9.6782 ns,1.00,0.01,0 B,NA
'Span.LastIndexOf UTF-8 miss',ShortRun,False,Default,Default,Default,Default,Default,Default,0000000000000000,Empty,RyuJit,Default,Arm64,8c5e7fda-e8bf-4a96-9a85-a6e23a8c635c,.NET 10.0,False,True,False,True,Default,Default,False,False,False,Default,Default,Default,Default,Default,Default,Default,Default,3,Default,1,Default,Default,Default,Default,Default,Default,16,3,65536,Latin,"1,956.371 ns",93.9774 ns,5.1512 ns,0.49,0.00,0 B,NA
'Text.LastRuneIndexOf UTF-8 miss',ShortRun,False,Default,Default,Default,Default,Default,Default,0000000000000000,Empty,RyuJit,Default,Arm64,8c5e7fda-e8bf-4a96-9a85-a6e23a8c635c,.NET 10.0,False,True,False,True,Default,Default,False,False,False,Default,Default,Default,Default,Default,Default,Default,Default,3,Default,1,Default,Default,Default,Default,Default,Default,16,3,65536,Latin,"2,404.918 ns",185.0554 ns,10.1435 ns,0.60,0.01,0 B,NA
'Text.LastRuneIndexOf UTF-16 miss',ShortRun,False,Default,Default,Default,Default,Default,Default,0000000000000000,Empty,RyuJit,Default,Arm64,8c5e7fda-e8bf-4a96-9a85-a6e23a8c635c,.NET 10.0,False,True,False,True,Default,Default,False,False,False,Default,Default,Default,Default,Default,Default,Default,Default,3,Default,1,Default,Default,Default,Default,Default,Default,16,3,65536,Latin,"1,981.976 ns",250.1638 ns,13.7123 ns,0.49,0.01,0 B,NA
'Text.LastRuneIndexOf UTF-32 miss',ShortRun,False,Default,Default,Default,Default,Default,Default,0000000000000000,Empty,RyuJit,Default,Arm64,8c5e7fda-e8bf-4a96-9a85-a6e23a8c635c,.NET 10.0,False,True,False,True,Default,Default,False,False,False,Default,Default,Default,Default,Default,Default,Default,Default,3,Default,1,Default,Default,Default,Default,Default,Default,16,3,65536,Latin,"1,999.855 ns",181.0911 ns,9.9262 ns,0.50,0.01,0 B,NA
string.LastIndexOf,ShortRun,False,Default,Default,Default,Default,Default,Default,0000000000000000,Empty,RyuJit,Default,Arm64,8c5e7fda-e8bf-4a96-9a85-a6e23a8c635c,.NET 10.0,False,True,False,True,Default,Default,False,False,False,Default,Default,Default,Default,Default,Default,Default,Default,3,Default,1,Default,Default,Default,Default,Default,Default,16,3,65536,Cjk,2.488 ns,0.4838 ns,0.0265 ns,1.00,0.01,0 B,NA
'Span.LastIndexOf UTF-8',ShortRun,False,Default,Default,Default,Default,Default,Default,0000000000000000,Empty,RyuJit,Default,Arm64,8c5e7fda-e8bf-4a96-9a85-a6e23a8c635c,.NET 10.0,False,True,False,True,Default,Default,False,False,False,Default,Default,Default,Default,Default,Default,Default,Default,3,Default,1,Default,Default,Default,Default,Default,Default,16,3,65536,Cjk,1.794 ns,0.3633 ns,0.0199 ns,0.72,0.01,0 B,NA
'Text.LastRuneIndexOf UTF-8',ShortRun,False,Default,Default,Default,Default,Default,Default,0000000000000000,Empty,RyuJit,Default,Arm64,8c5e7fda-e8bf-4a96-9a85-a6e23a8c635c,.NET 10.0,False,True,False,True,Default,Default,False,False,False,Default,Default,Default,Default,Default,Default,Default,Default,3,Default,1,Default,Default,Default,Default,Default,Default,16,3,65536,Cjk,"6,750.952 ns",532.2636 ns,29.1752 ns,"2,713.34",26.89,0 B,NA
'Text.LastRuneIndexOf UTF-16',ShortRun,False,Default,Default,Default,Default,Default,Default,0000000000000000,Empty,RyuJit,Default,Arm64,8c5e7fda-e8bf-4a96-9a85-a6e23a8c635c,.NET 10.0,False,True,False,True,Default,Default,False,False,False,Default,Default,Default,Default,Default,Default,Default,Default,3,Default,1,Default,Default,Default,Default,Default,Default,16,3,65536,Cjk,"6,950.859 ns",246.2765 ns,13.4992 ns,"2,793.68",26.06,0 B,NA
'Text.LastRuneIndexOf UTF-32',ShortRun,False,Default,Default,Default,Default,Default,Default,0000000000000000,Empty,RyuJit,Default,Arm64,8c5e7fda-e8bf-4a96-9a85-a6e23a8c635c,.NET 10.0,False,True,False,True,Default,Default,False,False,False,Default,Default,Default,Default,Default,Default,Default,Default,3,Default,1,Default,Default,Default,Default,Default,Default,16,3,65536,Cjk,"6,773.222 ns",635.3014 ns,34.8230 ns,"2,722.29",27.76,0 B,NA
'string.LastIndexOf miss',ShortRun,False,Default,Default,Default,Default,Default,Default,0000000000000000,Empty,RyuJit,Default,Arm64,8c5e7fda-e8bf-4a96-9a85-a6e23a8c635c,.NET 10.0,False,True,False,True,Default,Default,False,False,False,Default,Default,Default,Default,Default,Default,Default,Default,3,Default,1,Default,Default,Default,Default,Default,Default,16,3,65536,Cjk,"3,986.140 ns",965.3926 ns,52.9164 ns,"1,602.11",23.57,0 B,NA
'Span.LastIndexOf UTF-8 miss',ShortRun,False,Default,Default,Default,Default,Default,Default,0000000000000000,Empty,RyuJit,Default,Arm64,8c5e7fda-e8bf-4a96-9a85-a6e23a8c635c,.NET 10.0,False,True,False,True,Default,Default,False,False,False,Default,Default,Default,Default,Default,Default,Default,Default,3,Default,1,Default,Default,Default,Default,Default,Default,16,3,65536,Cjk,"4,886.340 ns",118.2288 ns,6.4805 ns,"1,963.91",18.16,0 B,NA
'Text.LastRuneIndexOf UTF-8 miss',ShortRun,False,Default,Default,Default,Default,Default,Default,0000000000000000,Empty,RyuJit,Default,Arm64,8c5e7fda-e8bf-4a96-9a85-a6e23a8c635c,.NET 10.0,False,True,False,True,Default,Default,False,False,False,Default,Default,Default,Default,Default,Default,Default,Default,3,Default,1,Default,Default,Default,Default,Default,Default,16,3,65536,Cjk,"6,017.654 ns",766.9061 ns,42.0367 ns,"2,418.61",26.58,0 B,NA
'Text.LastRuneIndexOf UTF-16 miss',ShortRun,False,Default,Default,Default,Default,Default,Default,0000000000000000,Empty,RyuJit,Default,Arm64,8c5e7fda-e8bf-4a96-9a85-a6e23a8c635c,.NET 10.0,False,True,False,True,Default,Default,False,False,False,Default,Default,Default,Default,Default,Default,Default,Default,3,Default,1,Default,Default,Default,Default,Default,Default,16,3,65536,Cjk,"6,007.923 ns",141.4040 ns,7.7508 ns,"2,414.70",22.32,0 B,NA
'Text.LastRuneIndexOf UTF-32 miss',ShortRun,False,Default,Default,Default,Default,Default,Default,0000000000000000,Empty,RyuJit,Default,Arm64,8c5e7fda-e8bf-4a96-9a85-a6e23a8c635c,.NET 10.0,False,True,False,True,Default,Default,False,False,False,Default,Default,Default,Default,Default,Default,Default,Default,3,Default,1,Default,Default,Default,Default,Default,Default,16,3,65536,Cjk,"4,943.509 ns",524.5798 ns,28.7540 ns,"1,986.89",20.80,0 B,NA
string.LastIndexOf,ShortRun,False,Default,Default,Default,Default,Default,Default,0000000000000000,Empty,RyuJit,Default,Arm64,8c5e7fda-e8bf-4a96-9a85-a6e23a8c635c,.NET 10.0,False,True,False,True,Default,Default,False,False,False,Default,Default,Default,Default,Default,Default,Default,Default,3,Default,1,Default,Default,Default,Default,Default,Default,16,3,65536,Emoji,2.788 ns,0.0664 ns,0.0036 ns,1.00,0.00,0 B,NA
'Span.LastIndexOf UTF-8',ShortRun,False,Default,Default,Default,Default,Default,Default,0000000000000000,Empty,RyuJit,Default,Arm64,8c5e7fda-e8bf-4a96-9a85-a6e23a8c635c,.NET 10.0,False,True,False,True,Default,Default,False,False,False,Default,Default,Default,Default,Default,Default,Default,Default,3,Default,1,Default,Default,Default,Default,Default,Default,16,3,65536,Emoji,1.788 ns,0.0095 ns,0.0005 ns,0.64,0.00,0 B,NA
'Text.LastRuneIndexOf UTF-8',ShortRun,False,Default,Default,Default,Default,Default,Default,0000000000000000,Empty,RyuJit,Default,Arm64,8c5e7fda-e8bf-4a96-9a85-a6e23a8c635c,.NET 10.0,False,True,False,True,Default,Default,False,False,False,Default,Default,Default,Default,Default,Default,Default,Default,3,Default,1,Default,Default,Default,Default,Default,Default,16,3,65536,Emoji,"4,626.166 ns",394.0871 ns,21.6012 ns,"1,659.39",6.97,0 B,NA
'Text.LastRuneIndexOf UTF-16',ShortRun,False,Default,Default,Default,Default,Default,Default,0000000000000000,Empty,RyuJit,Default,Arm64,8c5e7fda-e8bf-4a96-9a85-a6e23a8c635c,.NET 10.0,False,True,False,True,Default,Default,False,False,False,Default,Default,Default,Default,Default,Default,Default,Default,3,Default,1,Default,Default,Default,Default,Default,Default,16,3,65536,Emoji,"4,528.883 ns",432.2743 ns,23.6944 ns,"1,624.50",7.59,0 B,NA
'Text.LastRuneIndexOf UTF-32',ShortRun,False,Default,Default,Default,Default,Default,Default,0000000000000000,Empty,RyuJit,Default,Arm64,8c5e7fda-e8bf-4a96-9a85-a6e23a8c635c,.NET 10.0,False,True,False,True,Default,Default,False,False,False,Default,Default,Default,Default,Default,Default,Default,Default,3,Default,1,Default,Default,Default,Default,Default,Default,16,3,65536,Emoji,"4,609.502 ns",187.0037 ns,10.2503 ns,"1,653.42",3.69,0 B,NA
'string.LastIndexOf miss',ShortRun,False,Default,Default,Default,Default,Default,Default,0000000000000000,Empty,RyuJit,Default,Arm64,8c5e7fda-e8bf-4a96-9a85-a6e23a8c635c,.NET 10.0,False,True,False,True,Default,Default,False,False,False,Default,Default,Default,Default,Default,Default,Default,Default,3,Default,1,Default,Default,Default,Default,Default,Default,16,3,65536,Emoji,"3,992.069 ns",222.5185 ns,12.1970 ns,"1,431.94",4.12,0 B,NA
'Span.LastIndexOf UTF-8 miss',ShortRun,False,Default,Default,Default,Default,Default,Default,0000000000000000,Empty,RyuJit,Default,Arm64,8c5e7fda-e8bf-4a96-9a85-a6e23a8c635c,.NET 10.0,False,True,False,True,Default,Default,False,False,False,Default,Default,Default,Default,Default,Default,Default,Default,3,Default,1,Default,Default,Default,Default,Default,Default,16,3,65536,Emoji,"5,649.556 ns",220.1320 ns,12.0662 ns,"2,026.48",4.39,0 B,NA
'Text.LastRuneIndexOf UTF-8 miss',ShortRun,False,Default,Default,Default,Default,Default,Default,0000000000000000,Empty,RyuJit,Default,Arm64,8c5e7fda-e8bf-4a96-9a85-a6e23a8c635c,.NET 10.0,False,True,False,True,Default,Default,False,False,False,Default,Default,Default,Default,Default,Default,Default,Default,3,Default,1,Default,Default,Default,Default,Default,Default,16,3,65536,Emoji,"5,514.555 ns",97.0769 ns,5.3211 ns,"1,978.06",2.78,0 B,NA
'Text.LastRuneIndexOf UTF-16 miss',ShortRun,False,Default,Default,Default,Default,Default,Default,0000000000000000,Empty,RyuJit,Default,Arm64,8c5e7fda-e8bf-4a96-9a85-a6e23a8c635c,.NET 10.0,False,True,False,True,Default,Default,False,False,False,Default,Default,Default,Default,Default,Default,Default,Default,3,Default,1,Default,Default,Default,Default,Default,Default,16,3,65536,Emoji,"4,955.605 ns",803.3430 ns,44.0339 ns,"1,777.56",13.83,0 B,NA
'Text.LastRuneIndexOf UTF-32 miss',ShortRun,False,Default,Default,Default,Default,Default,Default,0000000000000000,Empty,RyuJit,Default,Arm64,8c5e7fda-e8bf-4a96-9a85-a6e23a8c635c,.NET 10.0,False,True,False,True,Default,Default,False,False,False,Default,Default,Default,Default,Default,Default,Default,Default,3,Default,1,Default,Default,Default,Default,Default,Default,16,3,65536,Emoji,"5,760.138 ns","1,309.0673 ns",71.7544 ns,"2,066.15",22.41,0 B,NA
string.LastIndexOf,ShortRun,False,Default,Default,Default,Default,Default,Default,0000000000000000,Empty,RyuJit,Default,Arm64,8c5e7fda-e8bf-4a96-9a85-a6e23a8c635c,.NET 10.0,False,True,False,True,Default,Default,False,False,False,Default,Default,Default,Default,Default,Default,Default,Default,3,Default,1,Default,Default,Default,Default,Default,Default,16,3,65536,Mixed,2.774 ns,0.1117 ns,0.0061 ns,1.00,0.00,0 B,NA
'Span.LastIndexOf UTF-8',ShortRun,False,Default,Default,Default,Default,Default,Default,0000000000000000,Empty,RyuJit,Default,Arm64,8c5e7fda-e8bf-4a96-9a85-a6e23a8c635c,.NET 10.0,False,True,False,True,Default,Default,False,False,False,Default,Default,Default,Default,Default,Default,Default,Default,3,Default,1,Default,Default,Default,Default,Default,Default,16,3,65536,Mixed,1.793 ns,0.0733 ns,0.0040 ns,0.65,0.00,0 B,NA
'Text.LastRuneIndexOf UTF-8',ShortRun,False,Default,Default,Default,Default,Default,Default,0000000000000000,Empty,RyuJit,Default,Arm64,8c5e7fda-e8bf-4a96-9a85-a6e23a8c635c,.NET 10.0,False,True,False,True,Default,Default,False,False,False,Default,Default,Default,Default,Default,Default,Default,Default,3,Default,1,Default,Default,Default,Default,Default,Default,16,3,65536,Mixed,"2,987.843 ns",896.4077 ns,49.1351 ns,"1,077.23",15.48,0 B,NA
'Text.LastRuneIndexOf UTF-16',ShortRun,False,Default,Default,Default,Default,Default,Default,0000000000000000,Empty,RyuJit,Default,Arm64,8c5e7fda-e8bf-4a96-9a85-a6e23a8c635c,.NET 10.0,False,True,False,True,Default,Default,False,False,False,Default,Default,Default,Default,Default,Default,Default,Default,3,Default,1,Default,Default,Default,Default,Default,Default,16,3,65536,Mixed,"3,004.161 ns",497.4751 ns,27.2683 ns,"1,083.11",8.76,0 B,NA
'Text.LastRuneIndexOf UTF-32',ShortRun,False,Default,Default,Default,Default,Default,Default,0000000000000000,Empty,RyuJit,Default,Arm64,8c5e7fda-e8bf-4a96-9a85-a6e23a8c635c,.NET 10.0,False,True,False,True,Default,Default,False,False,False,Default,Default,Default,Default,Default,Default,Default,Default,3,Default,1,Default,Default,Default,Default,Default,Default,16,3,65536,Mixed,"2,977.900 ns",692.4608 ns,37.9561 ns,"1,073.64",12.03,0 B,NA
'string.LastIndexOf miss',ShortRun,False,Default,Default,Default,Default,Default,Default,0000000000000000,Empty,RyuJit,Default,Arm64,8c5e7fda-e8bf-4a96-9a85-a6e23a8c635c,.NET 10.0,False,True,False,True,Default,Default,False,False,False,Default,Default,Default,Default,Default,Default,Default,Default,3,Default,1,Default,Default,Default,Default,Default,Default,16,3,65536,Mixed,"4,000.626 ns",30.3411 ns,1.6631 ns,"1,442.37",2.81,0 B,NA
'Span.LastIndexOf UTF-8 miss',ShortRun,False,Default,Default,Default,Default,Default,Default,0000000000000000,Empty,RyuJit,Default,Arm64,8c5e7fda-e8bf-4a96-9a85-a6e23a8c635c,.NET 10.0,False,True,False,True,Default,Default,False,False,False,Default,Default,Default,Default,Default,Default,Default,Default,3,Default,1,Default,Default,Default,Default,Default,Default,16,3,65536,Mixed,"2,133.734 ns",193.8209 ns,10.6240 ns,769.29,3.63,0 B,NA
'Text.LastRuneIndexOf UTF-8 miss',ShortRun,False,Default,Default,Default,Default,Default,Default,0000000000000000,Empty,RyuJit,Default,Arm64,8c5e7fda-e8bf-4a96-9a85-a6e23a8c635c,.NET 10.0,False,True,False,True,Default,Default,False,False,False,Default,Default,Default,Default,Default,Default,Default,Default,3,Default,1,Default,Default,Default,Default,Default,Default,16,3,65536,Mixed,"2,631.139 ns",656.6204 ns,35.9916 ns,948.62,11.38,0 B,NA
'Text.LastRuneIndexOf UTF-16 miss',ShortRun,False,Default,Default,Default,Default,Default,Default,0000000000000000,Empty,RyuJit,Default,Arm64,8c5e7fda-e8bf-4a96-9a85-a6e23a8c635c,.NET 10.0,False,True,False,True,Default,Default,False,False,False,Default,Default,Default,Default,Default,Default,Default,Default,3,Default,1,Default,Default,Default,Default,Default,Default,16,3,65536,Mixed,"2,610.166 ns",14.3196 ns,0.7849 ns,941.06,1.82,0 B,NA
'Text.LastRuneIndexOf UTF-32 miss',ShortRun,False,Default,Default,Default,Default,Default,Default,0000000000000000,Empty,RyuJit,Default,Arm64,8c5e7fda-e8bf-4a96-9a85-a6e23a8c635c,.NET 10.0,False,True,False,True,Default,Default,False,False,False,Default,Default,Default,Default,Default,Default,Default,Default,3,Default,1,Default,Default,Default,Default,Default,Default,16,3,65536,Mixed,"2,151.611 ns",92.6971 ns,5.0810 ns,775.73,2.17,0 B,NA
