Method,Job,AnalyzeLaunchVariance,EvaluateOverhead,MaxAbsoluteError,MaxRelativeError,MinInvokeCount,MinIterationTime,OutlierMode,Affinity,EnvironmentVariables,Jit,LargeAddressAware,Platform,PowerPlanMode,Runtime,AllowVeryLargeObjects,Concurrent,CpuGroups,Force,HeapAffinitizeMask,HeapCount,NoAffinitize,RetainVm,Server,Arguments,BuildConfiguration,Clock,EngineFactory,NuGetReferences,Toolchain,IsMutator,InvocationCount,IterationCount,IterationTime,LaunchCount,MaxIterationCount,MaxWarmupIterationCount,MemoryRandomization,MinIterationCount,MinWarmupIterationCount,RunStrategy,UnrollFactor,WarmupCount,Categories,N,Locale,Mean,Error,StdDev,Ratio,RatioSD,Gen0,Gen1,Gen2,Allocated,Alloc Ratio
'Deserialize to string',ShortRun,False,Default,Default,Default,Default,Default,Default,0000000000000000,Empty,RyuJit,Default,Arm64,8c5e7fda-e8bf-4a96-9a85-a6e23a8c635c,.NET 10.0,False,True,False,True,Default,Default,False,False,False,Default,Default,Default,Default,Default,Default,Default,Default,3,Default,1,Default,Default,Default,Default,Default,Default,16,3,Deserialize,8,Ascii,190.04 ns,457.881 ns,25.098 ns,1.01,0.16,0.0353,0.0000,0.0000,296 B,1.00
'Deserialize to Text',ShortRun,False,Default,Default,Default,Default,Default,Default,0000000000000000,Empty,RyuJit,Default,Arm64,8c5e7fda-e8bf-4a96-9a85-a6e23a8c635c,.NET 10.0,False,True,False,True,Default,Default,False,False,False,Default,Default,Default,Default,Default,Default,Default,Default,3,Default,1,Default,Default,Default,Default,Default,Default,16,3,Deserialize,8,Ascii,177.42 ns,5.823 ns,0.319 ns,0.94,0.10,0.0486,0.0000,0.0000,408 B,1.38
'Deserialize to string',ShortRun,False,Default,Default,Default,Default,Default,Default,0000000000000000,Empty,RyuJit,Default,Arm64,8c5e7fda-e8bf-4a96-9a85-a6e23a8c635c,.NET 10.0,False,True,False,True,Default,Default,False,False,False,Default,Default,Default,Default,Default,Default,Default,Default,3,Default,1,Default,Default,Default,Default,Default,Default,16,3,Deserialize,8,Latin,289.16 ns,405.280 ns,22.215 ns,1.00,0.09,0.0353,0.0000,0.0000,296 B,1.00
'Deserialize to Text',ShortRun,False,Default,Default,Default,Default,Default,Default,0000000000000000,Empty,RyuJit,Default,Arm64,8c5e7fda-e8bf-4a96-9a85-a6e23a8c635c,.NET 10.0,False,True,False,True,Default,Default,False,False,False,Default,Default,Default,Default,Default,Default,Default,Default,3,Default,1,Default,Default,Default,Default,Default,Default,16,3,Deserialize,8,Latin,312.14 ns,134.917 ns,7.395 ns,1.08,0.08,0.0505,0.0000,0.0000,424 B,1.43
'Deserialize to string',ShortRun,False,Default,Default,Default,Default,Default,Default,0000000000000000,Empty,RyuJit,Default,Arm64,8c5e7fda-e8bf-4a96-9a85-a6e23a8c635c,.NET 10.0,False,True,False,True,Default,Default,False,False,False,Default,Default,Default,Default,Default,Default,Default,Default,3,Default,1,Default,Default,Default,Default,Default,Default,16,3,Deserialize,8,Cjk,383.04 ns,78.921 ns,4.326 ns,1.00,0.01,0.0353,0.0000,0.0000,296 B,1.00
'Deserialize to Text',ShortRun,False,Default,Default,Default,Default,Default,Default,0000000000000000,Empty,RyuJit,Default,Arm64,8c5e7fda-e8bf-4a96-9a85-a6e23a8c635c,.NET 10.0,False,True,False,True,Default,Default,False,False,False,Default,Default,Default,Default,Default,Default,Default,Default,3,Default,1,Default,Default,Default,Default,Default,Default,16,3,Deserialize,8,Cjk,410.16 ns,6.673 ns,0.366 ns,1.07,0.01,0.0534,0.0000,0.0000,448 B,1.51
'Deserialize to string',ShortRun,False,Default,Default,Default,Default,Default,Default,0000000000000000,Empty,RyuJit,Default,Arm64,8c5e7fda-e8bf-4a96-9a85-a6e23a8c635c,.NET 10.0,False,True,False,True,Default,Default,False,False,False,Default,Default,Default,Default,Default,Default,Default,Default,3,Default,1,Default,Default,Default,Default,Default,Default,16,3,Deserialize,8,Emoji,371.03 ns,62.768 ns,3.441 ns,1.00,0.01,0.0353,0.0000,0.0000,296 B,1.00
'Deserialize to Text',ShortRun,False,Default,Default,Default,Default,Default,Default,0000000000000000,Empty,RyuJit,Default,Arm64,8c5e7fda-e8bf-4a96-9a85-a6e23a8c635c,.NET 10.0,False,True,False,True,Default,Default,False,False,False,Default,Default,Default,Default,Default,Default,Default,Default,3,Default,1,Default,Default,Default,Default,Default,Default,16,3,Deserialize,8,Emoji,402.19 ns,141.070 ns,7.733 ns,1.08,0.02,0.0505,0.0000,0.0000,424 B,1.43
'Deserialize to string',ShortRun,False,Default,Default,Default,Default,Default,Default,0000000000000000,Empty,RyuJit,Default,Arm64,8c5e7fda-e8bf-4a96-9a85-a6e23a8c635c,.NET 10.0,False,True,False,True,Default,Default,False,False,False,Default,Default,Default,Default,Default,Default,Default,Default,3,Default,1,Default,Default,Default,Default,Default,Default,16,3,Deserialize,8,Mixed,217.01 ns,11.134 ns,0.610 ns,1.00,0.00,0.0353,0.0000,0.0000,296 B,1.00
'Deserialize to Text',ShortRun,False,Default,Default,Default,Default,Default,Default,0000000000000000,Empty,RyuJit,Default,Arm64,8c5e7fda-e8bf-4a96-9a85-a6e23a8c635c,.NET 10.0,False,True,False,True,Default,Default,False,False,False,Default,Default,Default,Default,Default,Default,Default,Default,3,Default,1,Default,Default,Default,Default,Default,Default,16,3,Deserialize,8,Mixed,225.63 ns,33.400 ns,1.831 ns,1.04,0.01,0.0496,0.0000,0.0000,416 B,1.41
'Deserialize to string',ShortRun,False,Default,Default,Default,Default,Default,Default,0000000000000000,Empty,RyuJit,Default,Arm64,8c5e7fda-e8bf-4a96-9a85-a6e23a8c635c,.NET 10.0,False,True,False,True,Default,Default,False,False,False,Default,Default,Default,Default,Default,Default,Default,Default,3,Default,1,Default,Default,Default,Default,Default,Default,16,3,Deserialize,64,Ascii,186.92 ns,19.075 ns,1.046 ns,1.00,0.01,0.0515,0.0000,0.0000,432 B,1.00
'Deserialize to Text',ShortRun,False,Default,Default,Default,Default,Default,Default,0000000000000000,Empty,RyuJit,Default,Arm64,8c5e7fda-e8bf-4a96-9a85-a6e23a8c635c,.NET 10.0,False,True,False,True,Default,Default,False,False,False,Default,Default,Default,Default,Default,Default,Default,Default,3,Default,1,Default,Default,Default,Default,Default,Default,16,3,Deserialize,64,Ascii,182.46 ns,27.306 ns,1.497 ns,0.98,0.01,0.0563,0.0000,0.0000,472 B,1.09
'Deserialize to string',ShortRun,False,Default,Default,Default,Default,Default,Default,0000000000000000,Empty,RyuJit,Default,Arm64,8c5e7fda-e8bf-4a96-9a85-a6e23a8c635c,.NET 10.0,False,True,False,True,Default,Default,False,False,False,Default,Default,Default,Default,Default,Default,Default,Default,3,Default,1,Default,Default,Default,Default,Default,Default,16,3,Deserialize,64,Latin,497.90 ns,63.215 ns,3.465 ns,1.00,0.01,0.0515,0.0000,0.0000,432 B,1.00
'Deserialize to Text',ShortRun,False,Default,Default,Default,Default,Default,Default,0000000000000000,Empty,RyuJit,Default,Arm64,8c5e7fda-e8bf-4a96-9a85-a6e23a8c635c,.NET 10.0,False,True,False,True,Default,Default,False,False,False,Default,Default,Default,Default,Default,Default,Default,Default,3,Default,1,Default,Default,Default,Default,Default,Default,16,3,Deserialize,64,Latin,507.83 ns,35.204 ns,1.930 ns,1.02,0.01,0.0601,0.0000,0.0000,504 B,1.17
'Deserialize to string',ShortRun,False,Default,Default,Default,Default,Default,Default,0000000000000000,Empty,RyuJit,Default,Arm64,8c5e7fda-e8bf-4a96-9a85-a6e23a8c635c,.NET 10.0,False,True,False,True,Default,Default,False,False,False,Default,Default,Default,Default,Default,Default,Default,Default,3,Default,1,Default,Default,Default,Default,Default,Default,16,3,Deserialize,64,Cjk,900.19 ns,85.334 ns,4.677 ns,1.00,0.01,0.0515,0.0000,0.0000,432 B,1.00
'Deserialize to Text',ShortRun,False,Default,Default,Default,Default,Default,Default,0000000000000000,Empty,RyuJit,Default,Arm64,8c5e7fda-e8bf-4a96-9a85-a6e23a8c635c,.NET 10.0,False,True,False,True,Default,Default,False,False,False,Default,Default,Default,Default,Default,Default,Default,Default,3,Default,1,Default,Default,Default,Default,Default,Default,16,3,Deserialize,64,Cjk,899.33 ns,258.572 ns,14.173 ns,1.00,0.01,0.0763,0.0000,0.0000,640 B,1.48
'Deserialize to string',ShortRun,False,Default,Default,Default,Default,Default,Default,0000000000000000,Empty,RyuJit,Default,Arm64,8c5e7fda-e8bf-4a96-9a85-a6e23a8c635c,.NET 10.0,False,True,False,True,Default,Default,False,False,False,Default,Default,Default,Default,Default,Default,Default,Default,3,Default,1,Default,Default,Default,Default,Default,Default,16,3,Deserialize,64,Emoji,913.11 ns,77.468 ns,4.246 ns,1.00,0.01,0.0515,0.0000,0.0000,432 B,1.00
'Deserialize to Text',ShortRun,False,Default,Default,Default,Default,Default,Default,0000000000000000,Empty,RyuJit,Default,Arm64,8c5e7fda-e8bf-4a96-9a85-a6e23a8c635c,.NET 10.0,False,True,False,True,Default,Default,False,False,False,Default,Default,Default,Default,Default,Default,Default,Default,3,Default,1,Default,Default,Default,Default,Default,Default,16,3,Deserialize,64,Emoji,873.68 ns,87.595 ns,4.801 ns,0.96,0.01,0.0668,0.0000,0.0000,560 B,1.30
'Deserialize to string',ShortRun,False,Default,Default,Default,Default,Default,Default,0000000000000000,Empty,RyuJit,Default,Arm64,8c5e7fda-e8bf-4a96-9a85-a6e23a8c635c,.NET 10.0,False,True,False,True,Default,Default,False,False,False,Default,Default,Default,Default,Default,Default,Default,Default,3,Default,1,Default,Default,Default,Default,Default,Default,16,3,Deserialize,64,Mixed,465.43 ns,35.418 ns,1.941 ns,1.00,0.01,0.0515,0.0000,0.0000,432 B,1.00
'Deserialize to Text',ShortRun,False,Default,Default,Default,Default,Default,Default,0000000000000000,Empty,RyuJit,Default,Arm64,8c5e7fda-e8bf-4a96-9a85-a6e23a8c635c,.NET 10.0,False,True,False,True,Default,Default,False,False,False,Default,Default,Default,Default,Default,Default,Default,Default,3,Default,1,Default,Default,Default,Default,Default,Default,16,3,Deserialize,64,Mixed,467.59 ns,46.089 ns,2.526 ns,1.00,0.01,0.0610,0.0000,0.0000,512 B,1.19
'Deserialize to string',ShortRun,False,Default,Default,Default,Default,Default,Default,0000000000000000,Empty,RyuJit,Default,Arm64,8c5e7fda-e8bf-4a96-9a85-a6e23a8c635c,.NET 10.0,False,True,False,True,Default,Default,False,False,False,Default,Default,Default,Default,Default,Default,Default,Default,3,Default,1,Default,Default,Default,Default,Default,Default,16,3,Deserialize,256,Ascii,218.54 ns,12.868 ns,0.705 ns,1.00,0.00,0.1175,0.0002,0.0000,984 B,1.00
'Deserialize to Text',ShortRun,False,Default,Default,Default,Default,Default,Default,0000000000000000,Empty,RyuJit,Default,Arm64,8c5e7fda-e8bf-4a96-9a85-a6e23a8c635c,.NET 10.0,False,True,False,True,Default,Default,False,False,False,Default,Default,Default,Default,Default,Default,Default,Default,3,Default,1,Default,Default,Default,Default,Default,Default,16,3,Deserialize,256,Ascii,213.74 ns,10.574 ns,0.580 ns,0.98,0.00,0.0889,0.0000,0.0000,744 B,0.76
'Deserialize to string',ShortRun,False,Default,Default,Default,Default,Default,Default,0000000000000000,Empty,RyuJit,Default,Arm64,8c5e7fda-e8bf-4a96-9a85-a6e23a8c635c,.NET 10.0,False,True,False,True,Default,Default,False,False,False,Default,Default,Default,Default,Default,Default,Default,Default,3,Default,1,Default,Default,Default,Default,Default,Default,16,3,Deserialize,256,Latin,"1,374.34 ns",32.688 ns,1.792 ns,1.00,0.00,0.1163,0.0000,0.0000,984 B,1.00
'Deserialize to Text',ShortRun,False,Default,Default,Default,Default,Default,Default,0000000000000000,Empty,RyuJit,Default,Arm64,8c5e7fda-e8bf-4a96-9a85-a6e23a8c635c,.NET 10.0,False,True,False,True,Default,Default,False,False,False,Default,Default,Default,Default,Default,Default,Default,Default,3,Default,1,Default,Default,Default,Default,Default,Default,16,3,Deserialize,256,Latin,"1,329.58 ns",215.590 ns,11.817 ns,0.97,0.01,0.0992,0.0000,0.0000,832 B,0.85
'Deserialize to string',ShortRun,False,Default,Default,Default,Default,Default,Default,0000000000000000,Empty,RyuJit,Default,Arm64,8c5e7fda-e8bf-4a96-9a85-a6e23a8c635c,.NET 10.0,False,True,False,True,Default,Default,False,False,False,Default,Default,Default,Default,Default,Default,Default,Default,3,Default,1,Default,Default,Default,Default,Default,Default,16,3,Deserialize,256,Cjk,"2,857.20 ns",128.303 ns,7.033 ns,1.00,0.00,0.1144,0.0000,0.0000,984 B,1.00
'Deserialize to Text',ShortRun,False,Default,Default,Default,Default,Default,Default,0000000000000000,Empty,RyuJit,Default,Arm64,8c5e7fda-e8bf-4a96-9a85-a6e23a8c635c,.NET 10.0,False,True,False,True,Default,Default,False,False,False,Default,Default,Default,Default,Default,Default,Default,Default,3,Default,1,Default,Default,Default,Default,Default,Default,16,3,Deserialize,256,Cjk,"2,713.73 ns",470.561 ns,25.793 ns,0.95,0.01,0.1678,0.0000,0.0000,1416 B,1.44
'Deserialize to string',ShortRun,False,Default,Default,Default,Default,Default,Default,0000000000000000,Empty,RyuJit,Default,Arm64,8c5e7fda-e8bf-4a96-9a85-a6e23a8c635c,.NET 10.0,False,True,False,True,Default,Default,False,False,False,Default,Default,Default,Default,Default,Default,Default,Default,3,Default,1,Default,Default,Default,Default,Default,Default,16,3,Deserialize,256,Emoji,"2,991.99 ns",724.050 ns,39.688 ns,1.00,0.02,0.1144,0.0000,0.0000,984 B,1.00
'Deserialize to Text',ShortRun,False,Default,Default,Default,Default,Default,Default,0000000000000000,Empty,RyuJit,Default,Arm64,8c5e7fda-e8bf-4a96-9a85-a6e23a8c635c,.NET 10.0,False,True,False,True,Default,Default,False,False,False,Default,Default,Default,Default,Default,Default,Default,Default,3,Default,1,Default,Default,Default,Default,Default,Default,16,3,Deserialize,256,Emoji,"2,738.45 ns",42.151 ns,2.310 ns,0.92,0.01,0.1297,0.0000,0.0000,1096 B,1.11
'Deserialize to string',ShortRun,False,Default,Default,Default,Default,Default,Default,0000000000000000,Empty,RyuJit,Default,Arm64,8c5e7fda-e8bf-4a96-9a85-a6e23a8c635c,.NET 10.0,False,True,False,True,Default,Default,False,False,False,Default,Default,Default,Default,Default,Default,Default,Default,3,Default,1,Default,Default,Default,Default,Default,Default,16,3,Deserialize,256,Mixed,"1,500.19 ns",171.469 ns,9.399 ns,1.00,0.01,0.1163,0.0000,0.0000,984 B,1.00
'Deserialize to Text',ShortRun,False,Default,Default,Default,Default,Default,Default,0000000000000000,Empty,RyuJit,Default,Arm64,8c5e7fda-e8bf-4a96-9a85-a6e23a8c635c,.NET 10.0,False,True,False,True,Default,Default,False,False,False,Default,Default,Default,Default,Default,Default,Default,Default,3,Default,1,Default,Default,Default,Default,Default,Default,16,3,Deserialize,256,Mixed,"1,403.47 ns",260.300 ns,14.268 ns,0.94,0.01,0.1049,0.0000,0.0000,888 B,0.90
'Deserialize to string',ShortRun,False,Default,Default,Default,Default,Default,Default,0000000000000000,Empty,RyuJit,Default,Arm64,8c5e7fda-e8bf-4a96-9a85-a6e23a8c635c,.NET 10.0,False,True,False,True,Default,Default,False,False,False,Default,Default,Default,Default,Default,Default,Default,Default,3,Default,1,Default,Default,Default,Default,Default,Default,16,3,Deserialize,4096,Ascii,885.05 ns,54.438 ns,2.984 ns,1.00,0.00,1.4362,0.0620,0.0000,12024 B,1.00
'Deserialize to Text',ShortRun,False,Default,Default,Default,Default,Default,Default,0000000000000000,Empty,RyuJit,Default,Arm64,8c5e7fda-e8bf-4a96-9a85-a6e23a8c635c,.NET 10.0,False,True,False,True,Default,Default,False,False,False,Default,Default,Default,Default,Default,Default,Default,Default,3,Default,1,Default,Default,Default,Default,Default,Default,16,3,Deserialize,4096,Ascii,736.63 ns,31.407 ns,1.722 ns,0.83,0.00,0.7486,0.0162,0.0000,6264 B,0.52
'Deserialize to string',ShortRun,False,Default,Default,Default,Default,Default,Default,0000000000000000,Empty,RyuJit,Default,Arm64,8c5e7fda-e8bf-4a96-9a85-a6e23a8c635c,.NET 10.0,False,True,False,True,Default,Default,False,False,False,Default,Default,Default,Default,Default,Default,Default,Default,3,Default,1,Default,Default,Default,Default,Default,Default,16,3,Deserialize,4096,Latin,"19,325.51 ns",771.575 ns,42.293 ns,1.00,0.00,1.4343,0.0610,0.0000,12024 B,1.00
'Deserialize to Text',ShortRun,False,Default,Default,Default,Default,Default,Default,0000000000000000,Empty,RyuJit,Default,Arm64,8c5e7fda-e8bf-4a96-9a85-a6e23a8c635c,.NET 10.0,False,True,False,True,Default,Default,False,False,False,Default,Default,Default,Default,Default,Default,Default,Default,3,Default,1,Default,Default,Default,Default,Default,Default,16,3,Deserialize,4096,Latin,"17,696.89 ns","5,050.850 ns",276.854 ns,0.92,0.01,0.8850,0.0000,0.0000,7424 B,0.62
'Deserialize to string',ShortRun,False,Default,Default,Default,Default,Default,Default,0000000000000000,Empty,RyuJit,Default,Arm64,8c5e7fda-e8bf-4a96-9a85-a6e23a8c635c,.NET 10.0,False,True,False,True,Default,Default,False,False,False,Default,Default,Default,Default,Default,Default,Default,Default,3,Default,1,Default,Default,Default,Default,Default,Default,16,3,Deserialize,4096,Cjk,"41,624.87 ns","2,073.971 ns",113.681 ns,1.00,0.00,1.4038,0.0000,0.0000,12024 B,1.00
'Deserialize to Text',ShortRun,False,Default,Default,Default,Default,Default,Default,0000000000000000,Empty,RyuJit,Default,Arm64,8c5e7fda-e8bf-4a96-9a85-a6e23a8c635c,.NET 10.0,False,True,False,True,Default,Default,False,False,False,Default,Default,Default,Default,Default,Default,Default,Default,3,Default,1,Default,Default,Default,Default,Default,Default,16,3,Deserialize,4096,Cjk,"38,689.41 ns","5,110.816 ns",280.141 ns,0.93,0.01,2.0142,0.0610,0.0000,17016 B,1.42
'Deserialize to string',ShortRun,False,Default,Default,Default,Default,Default,Default,0000000000000000,Empty,RyuJit,Default,Arm64,8c5e7fda-e8bf-4a96-9a85-a6e23a8c635c,.NET 10.0,False,True,False,True,Default,Default,False,False,False,Default,Default,Default,Default,Default,Default,Default,Default,3,Default,1,Default,Default,Default,Default,Default,Default,16,3,Deserialize,4096,Emoji,"40,506.43 ns","2,987.152 ns",163.736 ns,1.00,0.00,1.4038,0.0000,0.0000,12024 B,1.00
'Deserialize to Text',ShortRun,False,Default,Default,Default,Default,Default,Default,0000000000000000,Empty,RyuJit,Default,Arm64,8c5e7fda-e8bf-4a96-9a85-a6e23a8c635c,.NET 10.0,False,True,False,True,Default,Default,False,False,False,Default,Default,Default,Default,Default,Default,Default,Default,3,Default,1,Default,Default,Default,Default,Default,Default,16,3,Deserialize,4096,Emoji,"36,592.13 ns","2,538.351 ns",139.136 ns,0.90,0.00,1.4038,0.0000,0.0000,11816 B,0.98
'Deserialize to string',ShortRun,False,Default,Default,Default,Default,Default,Default,0000000000000000,Empty,RyuJit,Default,Arm64,8c5e7fda-e8bf-4a96-9a85-a6e23a8c635c,.NET 10.0,False,True,False,True,Default,Default,False,False,False,Default,Default,Default,Default,Default,Default,Default,Default,3,Default,1,Default,Default,Default,Default,Default,Default,16,3,Deserialize,4096,Mixed,"20,356.56 ns","3,809.462 ns",208.809 ns,1.00,0.01,1.4343,0.0610,0.0000,12024 B,1.00
'Deserialize to Text',ShortRun,False,Default,Default,Default,Default,Default,Default,0000000000000000,Empty,RyuJit,Default,Arm64,8c5e7fda-e8bf-4a96-9a85-a6e23a8c635c,.NET 10.0,False,True,False,True,Default,Default,False,False,False,Default,Default,Default,Default,Default,Default,Default,Default,3,Default,1,Default,Default,Default,Default,Default,Default,16,3,Deserialize,4096,Mixed,"18,585.13 ns","3,380.046 ns",185.272 ns,0.91,0.01,0.9766,0.0000,0.0000,8328 B,0.69
'Deserialize to string',ShortRun,False,Default,Default,Default,Default,Default,Default,0000000000000000,Empty,RyuJit,Default,Arm64,8c5e7fda-e8bf-4a96-9a85-a6e23a8c635c,.NET 10.0,False,True,False,True,Default,Default,False,False,False,Default,Default,Default,Default,Default,Default,Default,Default,3,Default,1,Default,Default,Default,Default,Default,Default,16,3,Deserialize,65536,Ascii,"17,401.20 ns","8,664.613 ns",474.937 ns,1.00,0.03,41.6565,41.6565,41.6565,188706 B,1.00
'Deserialize to Text',ShortRun,False,Default,Default,Default,Default,Default,Default,0000000000000000,Empty,RyuJit,Default,Arm64,8c5e7fda-e8bf-4a96-9a85-a6e23a8c635c,.NET 10.0,False,True,False,True,Default,Default,False,False,False,Default,Default,Default,Default,Default,Default,Default,Default,3,Default,1,Default,Default,Default,Default,Default,Default,16,3,Deserialize,65536,Ascii,"8,220.01 ns","3,396.961 ns",186.199 ns,0.47,0.01,11.2305,2.8076,0.0000,94584 B,0.50
'Deserialize to string',ShortRun,False,Default,Default,Default,Default,Default,Default,0000000000000000,Empty,RyuJit,Default,Arm64,8c5e7fda-e8bf-4a96-9a85-a6e23a8c635c,.NET 10.0,False,True,False,True,Default,Default,False,False,False,Default,Default,Default,Default,Default,Default,Default,Default,3,Default,1,Default,Default,Default,Default,Default,Default,16,3,Deserialize,65536,Latin,"298,235.43 ns","86,582.567 ns","4,745.883 ns",1.00,0.02,45.8984,39.0625,39.0625,189013 B,1.00
'Deserialize to Text',ShortRun,False,Default,Default,Default,Default,Default,Default,0000000000000000,Empty,RyuJit,Default,Arm64,8c5e7fda-e8bf-4a96-9a85-a6e23a8c635c,.NET 10.0,False,True,False,True,Default,Default,False,False,False,Default,Default,Default,Default,Default,Default,Default,Default,3,Default,1,Default,Default,Default,Default,Default,Default,16,3,Deserialize,65536,Latin,"272,122.94 ns","16,775.501 ns",919.522 ns,0.91,0.01,13.1836,2.9297,0.0000,112896 B,0.60
'Deserialize to string',ShortRun,False,Default,Default,Default,Default,Default,Default,0000000000000000,Empty,RyuJit,Default,Arm64,8c5e7fda-e8bf-4a96-9a85-a6e23a8c635c,.NET 10.0,False,True,False,True,Default,Default,False,False,False,Default,Default,Default,Default,Default,Default,Default,Default,3,Default,1,Default,Default,Default,Default,Default,Default,16,3,Deserialize,65536,Cjk,"644,749.49 ns","32,885.883 ns","1,802.586 ns",1.00,0.00,32.2266,25.3906,25.3906,188705 B,1.00
'Deserialize to Text',ShortRun,False,Default,Default,Default,Default,Default,Default,0000000000000000,Empty,RyuJit,Default,Arm64,8c5e7fda-e8bf-4a96-9a85-a6e23a8c635c,.NET 10.0,False,True,False,True,Default,Default,False,False,False,Default,Default,Default,Default,Default,Default,Default,Default,3,Default,1,Default,Default,Default,Default,Default,Default,16,3,Deserialize,65536,Cjk,"600,964.10 ns","99,488.560 ns","5,453.304 ns",0.93,0.01,46.8750,39.0625,39.0625,266960 B,1.41
'Deserialize to string',ShortRun,False,Default,Default,Default,Default,Default,Default,0000000000000000,Empty,RyuJit,Default,Arm64,8c5e7fda-e8bf-4a96-9a85-a6e23a8c635c,.NET 10.0,False,True,False,True,Default,Default,False,False,False,Default,Default,Default,Default,Default,Default,Default,Default,3,Default,1,Default,Default,Default,Default,Default,Default,16,3,Deserialize,65536,Emoji,"632,036.16 ns","68,679.751 ns","3,764.569 ns",1.00,0.01,32.2266,25.3906,25.3906,188697 B,1.00
'Deserialize to Text',ShortRun,False,Default,Default,Default,Default,Default,Default,0000000000000000,Empty,RyuJit,Default,Arm64,8c5e7fda-e8bf-4a96-9a85-a6e23a8c635c,.NET 10.0,False,True,False,True,Default,Default,False,False,False,Default,Default,Default,Default,Default,Default,Default,Default,3,Default,1,Default,Default,Default,Default,Default,Default,16,3,Deserialize,65536,Emoji,"575,464.06 ns","104,988.673 ns","5,754.783 ns",0.91,0.01,31.2500,25.3906,25.3906,183554 B,0.97
'Deserialize to string',ShortRun,False,Default,Default,Default,Default,Default,Default,0000000000000000,Empty,RyuJit,Default,Arm64,8c5e7fda-e8bf-4a96-9a85-a6e23a8c635c,.NET 10.0,False,True,False,True,Default,Default,False,False,False,Default,Default,Default,Default,Default,Default,Default,Default,3,Default,1,Default,Default,Default,Default,Default,Default,16,3,Deserialize,65536,Mixed,"308,120.83 ns","8,004.607 ns",438.760 ns,1.00,0.00,45.8984,39.5508,39.0625,189009 B,1.00
'Deserialize to Text',ShortRun,False,Default,Default,Default,Default,Default,Default,0000000000000000,Empty,RyuJit,Default,Arm64,8c5e7fda-e8bf-4a96-9a85-a6e23a8c635c,.NET 10.0,False,True,False,True,Default,Default,False,False,False,Default,Default,Default,Default,Default,Default,Default,Default,3,Default,1,Default,Default,Default,Default,Default,Default,16,3,Deserialize,65536,Mixed,"279,069.94 ns","18,696.964 ns","1,024.844 ns",0.91,0.00,29.7852,24.9023,24.9023,127472 B,0.67
'Round trip: string',ShortRun,False,Default,Default,Default,Default,Default,Default,0000000000000000,Empty,RyuJit,Default,Arm64,8c5e7fda-e8bf-4a96-9a85-a6e23a8c635c,.NET 10.0,False,True,False,True,Default,Default,False,False,False,Default,Default,Default,Default,Default,Default,Default,Default,3,Default,1,Default,Default,Default,Default,Default,Default,16,3,RoundTrip,8,Ascii,262.42 ns,13.399 ns,0.734 ns,1.00,0.00,0.0467,0.0000,0.0000,392 B,1.00
'Round trip: Text',ShortRun,False,Default,Default,Default,Default,Default,Default,0000000000000000,Empty,RyuJit,Default,Arm64,8c5e7fda-e8bf-4a96-9a85-a6e23a8c635c,.NET 10.0,False,True,False,True,Default,Default,False,False,False,Default,Default,Default,Default,Default,Default,Default,Default,3,Default,1,Default,Default,Default,Default,Default,Default,16,3,RoundTrip,8,Ascii,264.31 ns,6.073 ns,0.333 ns,1.01,0.00,0.0601,0.0000,0.0000,504 B,1.29
'Round trip: string',ShortRun,False,Default,Default,Default,Default,Default,Default,0000000000000000,Empty,RyuJit,Default,Arm64,8c5e7fda-e8bf-4a96-9a85-a6e23a8c635c,.NET 10.0,False,True,False,True,Default,Default,False,False,False,Default,Default,Default,Default,Default,Default,Default,Default,3,Default,1,Default,Default,Default,Default,Default,Default,16,3,RoundTrip,8,Latin,399.41 ns,85.000 ns,4.659 ns,1.00,0.01,0.0496,0.0000,0.0000,416 B,1.00
'Round trip: Text',ShortRun,False,Default,Default,Default,Default,Default,Default,0000000000000000,Empty,RyuJit,Default,Arm64,8c5e7fda-e8bf-4a96-9a85-a6e23a8c635c,.NET 10.0,False,True,False,True,Default,Default,False,False,False,Default,Default,Default,Default,Default,Default,Default,Default,3,Default,1,Default,Default,Default,Default,Default,Default,16,3,RoundTrip,8,Latin,467.84 ns,86.666 ns,4.750 ns,1.17,0.02,0.0648,0.0000,0.0000,544 B,1.31
'Round trip: string',ShortRun,False,Default,Default,Default,Default,Default,Default,0000000000000000,Empty,RyuJit,Default,Arm64,8c5e7fda-e8bf-4a96-9a85-a6e23a8c635c,.NET 10.0,False,True,False,True,Default,Default,False,False,False,Default,Default,Default,Default,Default,Default,Default,Default,3,Default,1,Default,Default,Default,Default,Default,Default,16,3,RoundTrip,8,Cjk,621.32 ns,136.026 ns,7.456 ns,1.00,0.01,0.0572,0.0000,0.0000,496 B,1.00
'Round trip: Text',ShortRun,False,Default,Default,Default,Default,Default,Default,0000000000000000,Empty,RyuJit,Default,Arm64,8c5e7fda-e8bf-4a96-9a85-a6e23a8c635c,.NET 10.0,False,True,False,True,Default,Default,False,False,False,Default,Default,Default,Default,Default,Default,Default,Default,3,Default,1,Default,Default,Default,Default,Default,Default,16,3,RoundTrip,8,Cjk,763.38 ns,75.631 ns,4.146 ns,1.23,0.01,0.0772,0.0000,0.0000,648 B,1.31
'Round trip: string',ShortRun,False,Default,Default,Default,Default,Default,Default,0000000000000000,Empty,RyuJit,Default,Arm64,8c5e7fda-e8bf-4a96-9a85-a6e23a8c635c,.NET 10.0,False,True,False,True,Default,Default,False,False,False,Default,Default,Default,Default,Default,Default,Default,Default,3,Default,1,Default,Default,Default,Default,Default,Default,16,3,RoundTrip,8,Emoji,578.07 ns,41.253 ns,2.261 ns,1.00,0.00,0.0601,0.0000,0.0000,504 B,1.00
'Round trip: Text',ShortRun,False,Default,Default,Default,Default,Default,Default,0000000000000000,Empty,RyuJit,Default,Arm64,8c5e7fda-e8bf-4a96-9a85-a6e23a8c635c,.NET 10.0,False,True,False,True,Default,Default,False,False,False,Default,Default,Default,Default,Default,Default,Default,Default,3,Default,1,Default,Default,Default,Default,Default,Default,16,3,RoundTrip,8,Emoji,678.05 ns,33.087 ns,1.814 ns,1.17,0.00,0.0753,0.0000,0.0000,632 B,1.25
'Round trip: string',ShortRun,False,Default,Default,Default,Default,Default,Default,0000000000000000,Empty,RyuJit,Default,Arm64,8c5e7fda-e8bf-4a96-9a85-a6e23a8c635c,.NET 10.0,False,True,False,True,Default,Default,False,False,False,Default,Default,Default,Default,Default,Default,Default,Default,3,Default,1,Default,Default,Default,Default,Default,Default,16,3,RoundTrip,8,Mixed,332.13 ns,28.378 ns,1.555 ns,1.00,0.01,0.0496,0.0000,0.0000,416 B,1.00
'Round trip: Text',ShortRun,False,Default,Default,Default,Default,Default,Default,0000000000000000,Empty,RyuJit,Default,Arm64,8c5e7fda-e8bf-4a96-9a85-a6e23a8c635c,.NET 10.0,False,True,False,True,Default,Default,False,False,False,Default,Default,Default,Default,Default,Default,Default,Default,3,Default,1,Default,Default,Default,Default,Default,Default,16,3,RoundTrip,8,Mixed,363.41 ns,51.697 ns,2.834 ns,1.09,0.01,0.0639,0.0000,0.0000,536 B,1.29
'Round trip: string',ShortRun,False,Default,Default,Default,Default,Default,Default,0000000000000000,Empty,RyuJit,Default,Arm64,8c5e7fda-e8bf-4a96-9a85-a6e23a8c635c,.NET 10.0,False,True,False,True,Default,Default,False,False,False,Default,Default,Default,Default,Default,Default,Default,Default,3,Default,1,Default,Default,Default,Default,Default,Default,16,3,RoundTrip,64,Ascii,285.36 ns,3.907 ns,0.214 ns,1.00,0.00,0.0715,0.0000,0.0000,600 B,1.00
'Round trip: Text',ShortRun,False,Default,Default,Default,Default,Default,Default,0000000000000000,Empty,RyuJit,Default,Arm64,8c5e7fda-e8bf-4a96-9a85-a6e23a8c635c,.NET 10.0,False,True,False,True,Default,Default,False,False,False,Default,Default,Default,Default,Default,Default,Default,Default,3,Default,1,Default,Default,Default,Default,Default,Default,16,3,RoundTrip,64,Ascii,299.84 ns,259.650 ns,14.232 ns,1.05,0.04,0.0763,0.0000,0.0000,640 B,1.07
'Round trip: string',ShortRun,False,Default,Default,Default,Default,Default,Default,0000000000000000,Empty,RyuJit,Default,Arm64,8c5e7fda-e8bf-4a96-9a85-a6e23a8c635c,.NET 10.0,False,True,False,True,Default,Default,False,False,False,Default,Default,Default,Default,Default,Default,Default,Default,3,Default,1,Default,Default,Default,Default,Default,Default,16,3,RoundTrip,64,Latin,764.55 ns,142.304 ns,7.800 ns,1.00,0.01,0.0830,0.0000,0.0000,696 B,1.00
'Round trip: Text',ShortRun,False,Default,Default,Default,Default,Default,Default,0000000000000000,Empty,RyuJit,Default,Arm64,8c5e7fda-e8bf-4a96-9a85-a6e23a8c635c,.NET 10.0,False,True,False,True,Default,Default,False,False,False,Default,Default,Default,Default,Default,Default,Default,Default,3,Default,1,Default,Default,Default,Default,Default,Default,16,3,RoundTrip,64,Latin,831.77 ns,212.467 ns,11.646 ns,1.09,0.02,0.0916,0.0000,0.0000,768 B,1.10
'Round trip: string',ShortRun,False,Default,Default,Default,Default,Default,Default,0000000000000000,Empty,RyuJit,Default,Arm64,8c5e7fda-e8bf-4a96-9a85-a6e23a8c635c,.NET 10.0,False,True,False,True,Default,Default,False,False,False,Default,Default,Default,Default,Default,Default,Default,Default,3,Default,1,Default,Default,Default,Default,Default,Default,16,3,RoundTrip,64,Cjk,"1,349.18 ns",160.532 ns,8.799 ns,1.00,0.01,0.1202,0.0000,0.0000,1016 B,1.00
'Round trip: Text',ShortRun,False,Default,Default,Default,Default,Default,Default,0000000000000000,Empty,RyuJit,Default,Arm64,8c5e7fda-e8bf-4a96-9a85-a6e23a8c635c,.NET 10.0,False,True,False,True,Default,Default,False,False,False,Default,Default,Default,Default,Default,Default,Default,Default,3,Default,1,Default,Default,Default,Default,Default,Default,16,3,RoundTrip,64,Cjk,"1,675.57 ns",62.155 ns,3.407 ns,1.24,0.01,0.1450,0.0000,0.0000,1224 B,1.20
'Round trip: string',ShortRun,False,Default,Default,Default,Default,Default,Default,0000000000000000,Empty,RyuJit,Default,Arm64,8c5e7fda-e8bf-4a96-9a85-a6e23a8c635c,.NET 10.0,False,True,False,True,Default,Default,False,False,False,Default,Default,Default,Default,Default,Default,Default,Default,3,Default,1,Default,Default,Default,Default,Default,Default,16,3,RoundTrip,64,Emoji,"1,326.11 ns",278.629 ns,15.273 ns,1.00,0.01,0.1240,0.0000,0.0000,1040 B,1.00
'Round trip: Text',ShortRun,False,Default,Default,Default,Default,Default,Default,0000000000000000,Empty,RyuJit,Default,Arm64,8c5e7fda-e8bf-4a96-9a85-a6e23a8c635c,.NET 10.0,False,True,False,True,Default,Default,False,False,False,Default,Default,Default,Default,Default,Default,Default,Default,3,Default,1,Default,Default,Default,Default,Default,Default,16,3,RoundTrip,64,Emoji,"1,331.51 ns",143.688 ns,7.876 ns,1.00,0.01,0.1392,0.0000,0.0000,1168 B,1.12
'Round trip: string',ShortRun,False,Default,Default,Default,Default,Default,Default,0000000000000000,Empty,RyuJit,Default,Arm64,8c5e7fda-e8bf-4a96-9a85-a6e23a8c635c,.NET 10.0,False,True,False,True,Default,Default,False,False,False,Default,Default,Default,Default,Default,Default,Default,Default,3,Default,1,Default,Default,Default,Default,Default,Default,16,3,RoundTrip,64,Mixed,704.77 ns,187.883 ns,10.299 ns,1.00,0.02,0.0839,0.0000,0.0000,704 B,1.00
'Round trip: Text',ShortRun,False,Default,Default,Default,Default,Default,Default,0000000000000000,Empty,RyuJit,Default,Arm64,8c5e7fda-e8bf-4a96-9a85-a6e23a8c635c,.NET 10.0,False,True,False,True,Default,Default,False,False,False,Default,Default,Default,Default,Default,Default,Default,Default,3,Default,1,Default,Default,Default,Default,Default,Default,16,3,RoundTrip,64,Mixed,736.81 ns,32.968 ns,1.807 ns,1.05,0.01,0.0935,0.0000,0.0000,784 B,1.11
'Round trip: string',ShortRun,False,Default,Default,Default,Default,Default,Default,0000000000000000,Empty,RyuJit,Default,Arm64,8c5e7fda-e8bf-4a96-9a85-a6e23a8c635c,.NET 10.0,False,True,False,True,Default,Default,False,False,False,Default,Default,Default,Default,Default,Default,Default,Default,3,Default,1,Default,Default,Default,Default,Default,Default,16,3,RoundTrip,256,Ascii,345.24 ns,8.283 ns,0.454 ns,1.00,0.00,0.1702,0.0005,0.0000,1424 B,1.00
'Round trip: Text',ShortRun,False,Default,Default,Default,Default,Default,Default,0000000000000000,Empty,RyuJit,Default,Arm64,8c5e7fda-e8bf-4a96-9a85-a6e23a8c635c,.NET 10.0,False,True,False,True,Default,Default,False,False,False,Default,Default,Default,Default,Default,Default,Default,Default,3,Default,1,Default,Default,Default,Default,Default,Default,16,3,RoundTrip,256,Ascii,333.95 ns,119.613 ns,6.556 ns,0.97,0.02,0.1411,0.0000,0.0000,1184 B,0.83
'Round trip: string',ShortRun,False,Default,Default,Default,Default,Default,Default,0000000000000000,Empty,RyuJit,Default,Arm64,8c5e7fda-e8bf-4a96-9a85-a6e23a8c635c,.NET 10.0,False,True,False,True,Default,Default,False,False,False,Default,Default,Default,Default,Default,Default,Default,Default,3,Default,1,Default,Default,Default,Default,Default,Default,16,3,RoundTrip,256,Latin,"2,100.22 ns",584.975 ns,32.064 ns,1.00,0.02,0.1984,0.0000,0.0000,1784 B,1.00
'Round trip: Text',ShortRun,False,Default,Default,Default,Default,Default,Default,0000000000000000,Empty,RyuJit,Default,Arm64,8c5e7fda-e8bf-4a96-9a85-a6e23a8c635c,.NET 10.0,False,True,False,True,Default,Default,False,False,False,Default,Default,Default,Default,Default,Default,Default,Default,3,Default,1,Default,Default,Default,Default,Default,Default,16,3,RoundTrip,256,Latin,"2,147.77 ns",169.998 ns,9.318 ns,1.02,0.01,0.1945,0.0000,0.0000,1632 B,0.91
'Round trip: string',ShortRun,False,Default,Default,Default,Default,Default,Default,0000000000000000,Empty,RyuJit,Default,Arm64,8c5e7fda-e8bf-4a96-9a85-a6e23a8c635c,.NET 10.0,False,True,False,True,Default,Default,False,False,False,Default,Default,Default,Default,Default,Default,Default,Default,3,Default,1,Default,Default,Default,Default,Default,Default,16,3,RoundTrip,256,Cjk,"4,344.11 ns",586.606 ns,32.154 ns,1.00,0.01,0.3662,0.0000,0.0000,3104 B,1.00
'Round trip: Text',ShortRun,False,Default,Default,Default,Default,Default,Default,0000000000000000,Empty,RyuJit,Default,Arm64,8c5e7fda-e8bf-4a96-9a85-a6e23a8c635c,.NET 10.0,False,True,False,True,Default,Default,False,False,False,Default,Default,Default,Default,Default,Default,Default,Default,3,Default,1,Default,Default,Default,Default,Default,Default,16,3,RoundTrip,256,Cjk,"4,463.22 ns","1,320.092 ns",72.359 ns,1.03,0.02,0.4196,0.0000,0.0000,3536 B,1.14
'Round trip: string',ShortRun,False,Default,Default,Default,Default,Default,Default,0000000000000000,Empty,RyuJit,Default,Arm64,8c5e7fda-e8bf-4a96-9a85-a6e23a8c635c,.NET 10.0,False,True,False,True,Default,Default,False,False,False,Default,Default,Default,Default,Default,Default,Default,Default,3,Default,1,Default,Default,Default,Default,Default,Default,16,3,RoundTrip,256,Emoji,"4,232.14 ns",699.231 ns,38.327 ns,1.00,0.01,0.3662,0.0000,0.0000,3168 B,1.00
'Round trip: Text',ShortRun,False,Default,Default,Default,Default,Default,Default,0000000000000000,Empty,RyuJit,Default,Arm64,8c5e7fda-e8bf-4a96-9a85-a6e23a8c635c,.NET 10.0,False,True,False,True,Default,Default,False,False,False,Default,Default,Default,Default,Default,Default,Default,Default,3,Default,1,Default,Default,Default,Default,Default,Default,16,3,RoundTrip,256,Emoji,"3,958.18 ns",396.429 ns,21.730 ns,0.94,0.01,0.3891,0.0000,0.0000,3280 B,1.04
'Round trip: string',ShortRun,False,Default,Default,Default,Default,Default,Default,0000000000000000,Empty,RyuJit,Default,Arm64,8c5e7fda-e8bf-4a96-9a85-a6e23a8c635c,.NET 10.0,False,True,False,True,Default,Default,False,False,False,Default,Default,Default,Default,Default,Default,Default,Default,3,Default,1,Default,Default,Default,Default,Default,Default,16,3,RoundTrip,256,Mixed,"2,202.71 ns",208.521 ns,11.430 ns,1.00,0.01,0.2136,0.0000,0.0000,1896 B,1.00
'Round trip: Text',ShortRun,False,Default,Default,Default,Default,Default,Default,0000000000000000,Empty,RyuJit,Default,Arm64,8c5e7fda-e8bf-4a96-9a85-a6e23a8c635c,.NET 10.0,False,True,False,True,Default,Default,False,False,False,Default,Default,Default,Default,Default,Default,Default,Default,3,Default,1,Default,Default,Default,Default,Default,Default,16,3,RoundTrip,256,Mixed,"2,304.77 ns",476.399 ns,26.113 ns,1.05,0.01,0.2136,0.0000,0.0000,1800 B,0.95
'Round trip: string',ShortRun,False,Default,Default,Default,Default,Default,Default,0000000000000000,Empty,RyuJit,Default,Arm64,8c5e7fda-e8bf-4a96-9a85-a6e23a8c635c,.NET 10.0,False,True,False,True,Default,Default,False,False,False,Default,Default,Default,Default,Default,Default,Default,Default,3,Default,1,Default,Default,Default,Default,Default,Default,16,3,RoundTrip,4096,Ascii,"1,570.43 ns",272.999 ns,14.964 ns,1.00,0.01,2.1477,0.0877,0.0000,17984 B,1.00
'Round trip: Text',ShortRun,False,Default,Default,Default,Default,Default,Default,0000000000000000,Empty,RyuJit,Default,Arm64,8c5e7fda-e8bf-4a96-9a85-a6e23a8c635c,.NET 10.0,False,True,False,True,Default,Default,False,False,False,Default,Default,Default,Default,Default,Default,Default,Default,3,Default,1,Default,Default,Default,Default,Default,Default,16,3,RoundTrip,4096,Ascii,"1,259.25 ns",203.470 ns,11.153 ns,0.80,0.01,1.4591,0.0324,0.0000,12224 B,0.68
'Round trip: string',ShortRun,False,Default,Default,Default,Default,Default,Default,0000000000000000,Empty,RyuJit,Default,Arm64,8c5e7fda-e8bf-4a96-9a85-a6e23a8c635c,.NET 10.0,False,True,False,True,Default,Default,False,False,False,Default,Default,Default,Default,Default,Default,Default,Default,3,Default,1,Default,Default,Default,Default,Default,Default,16,3,RoundTrip,4096,Latin,"27,323.16 ns","2,095.935 ns",114.885 ns,1.00,0.01,2.8076,0.0916,0.0000,23704 B,1.00
'Round trip: Text',ShortRun,False,Default,Default,Default,Default,Default,Default,0000000000000000,Empty,RyuJit,Default,Arm64,8c5e7fda-e8bf-4a96-9a85-a6e23a8c635c,.NET 10.0,False,True,False,True,Default,Default,False,False,False,Default,Default,Default,Default,Default,Default,Default,Default,3,Default,1,Default,Default,Default,Default,Default,Default,16,3,RoundTrip,4096,Latin,"28,191.69 ns","1,717.868 ns",94.162 ns,1.03,0.00,2.2583,0.0305,0.0000,19104 B,0.81
'Round trip: string',ShortRun,False,Default,Default,Default,Default,Default,Default,0000000000000000,Empty,RyuJit,Default,Arm64,8c5e7fda-e8bf-4a96-9a85-a6e23a8c635c,.NET 10.0,False,True,False,True,Default,Default,False,False,False,Default,Default,Default,Default,Default,Default,Default,Default,3,Default,1,Default,Default,Default,Default,Default,Default,16,3,RoundTrip,4096,Cjk,"63,019.03 ns","11,857.283 ns",649.938 ns,1.00,0.01,5.2490,0.1221,0.0000,44864 B,1.00
'Round trip: Text',ShortRun,False,Default,Default,Default,Default,Default,Default,0000000000000000,Empty,RyuJit,Default,Arm64,8c5e7fda-e8bf-4a96-9a85-a6e23a8c635c,.NET 10.0,False,True,False,True,Default,Default,False,False,False,Default,Default,Default,Default,Default,Default,Default,Default,3,Default,1,Default,Default,Default,Default,Default,Default,16,3,RoundTrip,4096,Cjk,"63,494.09 ns","9,689.964 ns",531.140 ns,1.01,0.01,5.8594,0.2441,0.0000,49856 B,1.11
'Round trip: string',ShortRun,False,Default,Default,Default,Default,Default,Default,0000000000000000,Empty,RyuJit,Default,Arm64,8c5e7fda-e8bf-4a96-9a85-a6e23a8c635c,.NET 10.0,False,True,False,True,Default,Default,False,False,False,Default,Default,Default,Default,Default,Default,Default,Default,3,Default,1,Default,Default,Default,Default,Default,Default,16,3,RoundTrip,4096,Emoji,"57,167.48 ns","6,600.171 ns",361.778 ns,1.00,0.01,5.4321,0.2441,0.0000,45728 B,1.00
'Round trip: Text',ShortRun,False,Default,Default,Default,Default,Default,Default,0000000000000000,Empty,RyuJit,Default,Arm64,8c5e7fda-e8bf-4a96-9a85-a6e23a8c635c,.NET 10.0,False,True,False,True,Default,Default,False,False,False,Default,Default,Default,Default,Default,Default,Default,Default,3,Default,1,Default,Default,Default,Default,Default,Default,16,3,RoundTrip,4096,Emoji,"53,659.47 ns","3,195.555 ns",175.159 ns,0.94,0.01,5.3711,0.1831,0.0000,45520 B,1.00
'Round trip: string',ShortRun,False,Default,Default,Default,Default,Default,Default,0000000000000000,Empty,RyuJit,Default,Arm64,8c5e7fda-e8bf-4a96-9a85-a6e23a8c635c,.NET 10.0,False,True,False,True,Default,Default,False,False,False,Default,Default,Default,Default,Default,Default,Default,Default,3,Default,1,Default,Default,Default,Default,Default,Default,16,3,RoundTrip,4096,Mixed,"29,353.19 ns","12,654.669 ns",693.645 ns,1.00,0.03,3.0212,0.1221,0.0000,25544 B,1.00
'Round trip: Text',ShortRun,False,Default,Default,Default,Default,Default,Default,0000000000000000,Empty,RyuJit,Default,Arm64,8c5e7fda-e8bf-4a96-9a85-a6e23a8c635c,.NET 10.0,False,True,False,True,Default,Default,False,False,False,Default,Default,Default,Default,Default,Default,Default,Default,3,Default,1,Default,Default,Default,Default,Default,Default,16,3,RoundTrip,4096,Mixed,"32,549.05 ns","7,188.293 ns",394.015 ns,1.11,0.03,2.5635,0.0610,0.0000,21848 B,0.86
'Round trip: string',ShortRun,False,Default,Default,Default,Default,Default,Default,0000000000000000,Empty,RyuJit,Default,Arm64,8c5e7fda-e8bf-4a96-9a85-a6e23a8c635c,.NET 10.0,False,True,False,True,Default,Default,False,False,False,Default,Default,Default,Default,Default,Default,Default,Default,3,Default,1,Default,Default,Default,Default,Default,Default,16,3,RoundTrip,65536,Ascii,"35,168.82 ns","24,174.254 ns","1,325.072 ns",1.00,0.05,71.4111,71.4111,71.4111,283016 B,1.00
'Round trip: Text',ShortRun,False,Default,Default,Default,Default,Default,Default,0000000000000000,Empty,RyuJit,Default,Arm64,8c5e7fda-e8bf-4a96-9a85-a6e23a8c635c,.NET 10.0,False,True,False,True,Default,Default,False,False,False,Default,Default,Default,Default,Default,Default,Default,Default,3,Default,1,Default,Default,Default,Default,Default,Default,16,3,RoundTrip,65536,Ascii,"22,133.56 ns","6,715.561 ns",368.103 ns,0.63,0.02,29.3884,29.3884,29.3884,188894 B,0.67
'Round trip: string',ShortRun,False,Default,Default,Default,Default,Default,Default,0000000000000000,Empty,RyuJit,Default,Arm64,8c5e7fda-e8bf-4a96-9a85-a6e23a8c635c,.NET 10.0,False,True,False,True,Default,Default,False,False,False,Default,Default,Default,Default,Default,Default,Default,Default,3,Default,1,Default,Default,Default,Default,Default,Default,16,3,RoundTrip,65536,Latin,"436,142.79 ns","64,316.477 ns","3,525.403 ns",1.00,0.01,95.7031,89.8438,89.8438,375242 B,1.00
'Round trip: Text',ShortRun,False,Default,Default,Default,Default,Default,Default,0000000000000000,Empty,RyuJit,Default,Arm64,8c5e7fda-e8bf-4a96-9a85-a6e23a8c635c,.NET 10.0,False,True,False,True,Default,Default,False,False,False,Default,Default,Default,Default,Default,Default,Default,Default,3,Default,1,Default,Default,Default,Default,Default,Default,16,3,RoundTrip,65536,Latin,"436,252.27 ns","218,039.198 ns","11,951.464 ns",1.00,0.02,67.3828,57.1289,54.1992,298884 B,0.80
'Round trip: string',ShortRun,False,Default,Default,Default,Default,Default,Default,0000000000000000,Empty,RyuJit,Default,Arm64,8c5e7fda-e8bf-4a96-9a85-a6e23a8c635c,.NET 10.0,False,True,False,True,Default,Default,False,False,False,Default,Default,Default,Default,Default,Default,Default,Default,3,Default,1,Default,Default,Default,Default,Default,Default,16,3,RoundTrip,65536,Cjk,"982,468.69 ns","222,055.750 ns","12,171.625 ns",1.00,0.02,132.8125,128.9063,128.9063,713500 B,1.00
'Round trip: Text',ShortRun,False,Default,Default,Default,Default,Default,Default,0000000000000000,Empty,RyuJit,Default,Arm64,8c5e7fda-e8bf-4a96-9a85-a6e23a8c635c,.NET 10.0,False,True,False,True,Default,Default,False,False,False,Default,Default,Default,Default,Default,Default,Default,Default,3,Default,1,Default,Default,Default,Default,Default,Default,16,3,RoundTrip,65536,Cjk,"1,009,727.32 ns","767,962.236 ns","42,094.602 ns",1.03,0.04,125.0000,117.1875,117.1875,792039 B,1.11
'Round trip: string',ShortRun,False,Default,Default,Default,Default,Default,Default,0000000000000000,Empty,RyuJit,Default,Arm64,8c5e7fda-e8bf-4a96-9a85-a6e23a8c635c,.NET 10.0,False,True,False,True,Default,Default,False,False,False,Default,Default,Default,Default,Default,Default,Default,Default,3,Default,1,Default,Default,Default,Default,Default,Default,16,3,RoundTrip,65536,Emoji,"882,948.62 ns","98,154.867 ns","5,380.199 ns",1.00,0.01,132.8125,128.9063,128.9063,726878 B,1.00
'Round trip: Text',ShortRun,False,Default,Default,Default,Default,Default,Default,0000000000000000,Empty,RyuJit,Default,Arm64,8c5e7fda-e8bf-4a96-9a85-a6e23a8c635c,.NET 10.0,False,True,False,True,Default,Default,False,False,False,Default,Default,Default,Default,Default,Default,Default,Default,3,Default,1,Default,Default,Default,Default,Default,Default,16,3,RoundTrip,65536,Emoji,"850,410.47 ns","29,835.449 ns","1,635.382 ns",0.96,0.01,120.1172,114.2578,114.2578,722396 B,0.99
'Round trip: string',ShortRun,False,Default,Default,Default,Default,Default,Default,0000000000000000,Empty,RyuJit,Default,Arm64,8c5e7fda-e8bf-4a96-9a85-a6e23a8c635c,.NET 10.0,False,True,False,True,Default,Default,False,False,False,Default,Default,Default,Default,Default,Default,Default,Default,3,Default,1,Default,Default,Default,Default,Default,Default,16,3,RoundTrip,65536,Mixed,"462,217.96 ns","147,872.217 ns","8,105.375 ns",1.00,0.02,101.5625,95.7031,95.7031,404810 B,1.00
'Round trip: Text',ShortRun,False,Default,Default,Default,Default,Default,Default,0000000000000000,Empty,RyuJit,Default,Arm64,8c5e7fda-e8bf-4a96-9a85-a6e23a8c635c,.NET 10.0,False,True,False,True,Default,Default,False,False,False,Default,Default,Default,Default,Default,Default,Default,Default,3,Default,1,Default,Default,Default,Default,Default,Default,16,3,RoundTrip,65536,Mixed,"469,481.90 ns","101,809.596 ns","5,580.528 ns",1.02,0.02,94.2383,89.3555,89.3555,343456 B,0.85
'Serialize string to bytes',ShortRun,False,Default,Default,Default,Default,Default,Default,0000000000000000,Empty,RyuJit,Default,Arm64,8c5e7fda-e8bf-4a96-9a85-a6e23a8c635c,.NET 10.0,False,True,False,True,Default,Default,False,False,False,Default,Default,Default,Default,Default,Default,Default,Default,3,Default,1,Default,Default,Default,Default,Default,Default,16,3,Serialize,8,Ascii,86.50 ns,46.582 ns,2.553 ns,1.00,0.04,0.0114,0.0000,0.0000,96 B,1.00
'Serialize Text to bytes',ShortRun,False,Default,Default,Default,Default,Default,Default,0000000000000000,Empty,RyuJit,Default,Arm64,8c5e7fda-e8bf-4a96-9a85-a6e23a8c635c,.NET 10.0,False,True,False,True,Default,Default,False,False,False,Default,Default,Default,Default,Default,Default,Default,Default,3,Default,1,Default,Default,Default,Default,Default,Default,16,3,Serialize,8,Ascii,75.96 ns,3.582 ns,0.196 ns,0.88,0.02,0.0114,0.0000,0.0000,96 B,1.00
SerializeToUtf8OwnedText,ShortRun,False,Default,Default,Default,Default,Default,Default,0000000000000000,Empty,RyuJit,Default,Arm64,8c5e7fda-e8bf-4a96-9a85-a6e23a8c635c,.NET 10.0,False,True,False,True,Default,Default,False,False,False,Default,Default,Default,Default,Default,Default,Default,Default,3,Default,1,Default,Default,Default,Default,Default,Default,16,3,Serialize,8,Ascii,78.06 ns,6.198 ns,0.340 ns,0.90,0.02,0.0000,0.0000,0.0000,0 B,0.00
'Serialize string to bytes',ShortRun,False,Default,Default,Default,Default,Default,Default,0000000000000000,Empty,RyuJit,Default,Arm64,8c5e7fda-e8bf-4a96-9a85-a6e23a8c635c,.NET 10.0,False,True,False,True,Default,Default,False,False,False,Default,Default,Default,Default,Default,Default,Default,Default,3,Default,1,Default,Default,Default,Default,Default,Default,16,3,Serialize,8,Latin,141.02 ns,2.531 ns,0.139 ns,1.00,0.00,0.0143,0.0000,0.0000,120 B,1.00
'Serialize Text to bytes',ShortRun,False,Default,Default,Default,Default,Default,Default,0000000000000000,Empty,RyuJit,Default,Arm64,8c5e7fda-e8bf-4a96-9a85-a6e23a8c635c,.NET 10.0,False,True,False,True,Default,Default,False,False,False,Default,Default,Default,Default,Default,Default,Default,Default,3,Default,1,Default,Default,Default,Default,Default,Default,16,3,Serialize,8,Latin,148.39 ns,20.840 ns,1.142 ns,1.05,0.01,0.0143,0.0000,0.0000,120 B,1.00
SerializeToUtf8OwnedText,ShortRun,False,Default,Default,Default,Default,Default,Default,0000000000000000,Empty,RyuJit,Default,Arm64,8c5e7fda-e8bf-4a96-9a85-a6e23a8c635c,.NET 10.0,False,True,False,True,Default,Default,False,False,False,Default,Default,Default,Default,Default,Default,Default,Default,3,Default,1,Default,Default,Default,Default,Default,Default,16,3,Serialize,8,Latin,143.75 ns,10.483 ns,0.575 ns,1.02,0.00,0.0000,0.0000,0.0000,0 B,0.00
'Serialize string to bytes',ShortRun,False,Default,Default,Default,Default,Default,Default,0000000000000000,Empty,RyuJit,Default,Arm64,8c5e7fda-e8bf-4a96-9a85-a6e23a8c635c,.NET 10.0,False,True,False,True,Default,Default,False,False,False,Default,Default,Default,Default,Default,Default,Default,Default,3,Default,1,Default,Default,Default,Default,Default,Default,16,3,Serialize,8,Cjk,223.38 ns,15.588 ns,0.854 ns,1.00,0.00,0.0238,0.0000,0.0000,200 B,1.00
'Serialize Text to bytes',ShortRun,False,Default,Default,Default,Default,Default,Default,0000000000000000,Empty,RyuJit,Default,Arm64,8c5e7fda-e8bf-4a96-9a85-a6e23a8c635c,.NET 10.0,False,True,False,True,Default,Default,False,False,False,Default,Default,Default,Default,Default,Default,Default,Default,3,Default,1,Default,Default,Default,Default,Default,Default,16,3,Serialize,8,Cjk,259.82 ns,77.050 ns,4.223 ns,1.16,0.02,0.0238,0.0000,0.0000,200 B,1.00
SerializeToUtf8OwnedText,ShortRun,False,Default,Default,Default,Default,Default,Default,0000000000000000,Empty,RyuJit,Default,Arm64,8c5e7fda-e8bf-4a96-9a85-a6e23a8c635c,.NET 10.0,False,True,False,True,Default,Default,False,False,False,Default,Default,Default,Default,Default,Default,Default,Default,3,Default,1,Default,Default,Default,Default,Default,Default,16,3,Serialize,8,Cjk,258.56 ns,28.495 ns,1.562 ns,1.16,0.01,0.0000,0.0000,0.0000,0 B,0.00
'Serialize string to bytes',ShortRun,False,Default,Default,Default,Default,Default,Default,0000000000000000,Empty,RyuJit,Default,Arm64,8c5e7fda-e8bf-4a96-9a85-a6e23a8c635c,.NET 10.0,False,True,False,True,Default,Default,False,False,False,Default,Default,Default,Default,Default,Default,Default,Default,3,Default,1,Default,Default,Default,Default,Default,Default,16,3,Serialize,8,Emoji,204.25 ns,123.303 ns,6.759 ns,1.00,0.04,0.0248,0.0000,0.0000,208 B,1.00
'Serialize Text to bytes',ShortRun,False,Default,Default,Default,Default,Default,Default,0000000000000000,Empty,RyuJit,Default,Arm64,8c5e7fda-e8bf-4a96-9a85-a6e23a8c635c,.NET 10.0,False,True,False,True,Default,Default,False,False,False,Default,Default,Default,Default,Default,Default,Default,Default,3,Default,1,Default,Default,Default,Default,Default,Default,16,3,Serialize,8,Emoji,252.19 ns,120.054 ns,6.581 ns,1.24,0.04,0.0248,0.0000,0.0000,208 B,1.00
SerializeToUtf8OwnedText,ShortRun,False,Default,Default,Default,Default,Default,Default,0000000000000000,Empty,RyuJit,Default,Arm64,8c5e7fda-e8bf-4a96-9a85-a6e23a8c635c,.NET 10.0,False,True,False,True,Default,Default,False,False,False,Default,Default,Default,Default,Default,Default,Default,Default,3,Default,1,Default,Default,Default,Default,Default,Default,16,3,Serialize,8,Emoji,248.98 ns,15.057 ns,0.825 ns,1.22,0.03,0.0000,0.0000,0.0000,0 B,0.00
'Serialize string to bytes',ShortRun,False,Default,Default,Default,Default,Default,Default,0000000000000000,Empty,RyuJit,Default,Arm64,8c5e7fda-e8bf-4a96-9a85-a6e23a8c635c,.NET 10.0,False,True,False,True,Default,Default,False,False,False,Default,Default,Default,Default,Default,Default,Default,Default,3,Default,1,Default,Default,Default,Default,Default,Default,16,3,Serialize,8,Mixed,107.80 ns,3.747 ns,0.205 ns,1.00,0.00,0.0143,0.0000,0.0000,120 B,1.00
'Serialize Text to bytes',ShortRun,False,Default,Default,Default,Default,Default,Default,0000000000000000,Empty,RyuJit,Default,Arm64,8c5e7fda-e8bf-4a96-9a85-a6e23a8c635c,.NET 10.0,False,True,False,True,Default,Default,False,False,False,Default,Default,Default,Default,Default,Default,Default,Default,3,Default,1,Default,Default,Default,Default,Default,Default,16,3,Serialize,8,Mixed,116.31 ns,14.555 ns,0.798 ns,1.08,0.01,0.0143,0.0000,0.0000,120 B,1.00
SerializeToUtf8OwnedText,ShortRun,False,Default,Default,Default,Default,Default,Default,0000000000000000,Empty,RyuJit,Default,Arm64,8c5e7fda-e8bf-4a96-9a85-a6e23a8c635c,.NET 10.0,False,True,False,True,Default,Default,False,False,False,Default,Default,Default,Default,Default,Default,Default,Default,3,Default,1,Default,Default,Default,Default,Default,Default,16,3,Serialize,8,Mixed,117.77 ns,18.827 ns,1.032 ns,1.09,0.01,0.0000,0.0000,0.0000,0 B,0.00
'Serialize string to bytes',ShortRun,False,Default,Default,Default,Default,Default,Default,0000000000000000,Empty,RyuJit,Default,Arm64,8c5e7fda-e8bf-4a96-9a85-a6e23a8c635c,.NET 10.0,False,True,False,True,Default,Default,False,False,False,Default,Default,Default,Default,Default,Default,Default,Default,3,Default,1,Default,Default,Default,Default,Default,Default,16,3,Serialize,64,Ascii,92.18 ns,10.550 ns,0.578 ns,1.00,0.01,0.0200,0.0000,0.0000,168 B,1.00
'Serialize Text to bytes',ShortRun,False,Default,Default,Default,Default,Default,Default,0000000000000000,Empty,RyuJit,Default,Arm64,8c5e7fda-e8bf-4a96-9a85-a6e23a8c635c,.NET 10.0,False,True,False,True,Default,Default,False,False,False,Default,Default,Default,Default,Default,Default,Default,Default,3,Default,1,Default,Default,Default,Default,Default,Default,16,3,Serialize,64,Ascii,80.53 ns,9.795 ns,0.537 ns,0.87,0.01,0.0200,0.0000,0.0000,168 B,1.00
SerializeToUtf8OwnedText,ShortRun,False,Default,Default,Default,Default,Default,Default,0000000000000000,Empty,RyuJit,Default,Arm64,8c5e7fda-e8bf-4a96-9a85-a6e23a8c635c,.NET 10.0,False,True,False,True,Default,Default,False,False,False,Default,Default,Default,Default,Default,Default,Default,Default,3,Default,1,Default,Default,Default,Default,Default,Default,16,3,Serialize,64,Ascii,83.86 ns,6.604 ns,0.362 ns,0.91,0.01,0.0000,0.0000,0.0000,0 B,0.00
'Serialize string to bytes',ShortRun,False,Default,Default,Default,Default,Default,Default,0000000000000000,Empty,RyuJit,Default,Arm64,8c5e7fda-e8bf-4a96-9a85-a6e23a8c635c,.NET 10.0,False,True,False,True,Default,Default,False,False,False,Default,Default,Default,Default,Default,Default,Default,Default,3,Default,1,Default,Default,Default,Default,Default,Default,16,3,Serialize,64,Latin,263.50 ns,76.466 ns,4.191 ns,1.00,0.02,0.0315,0.0000,0.0000,264 B,1.00
'Serialize Text to bytes',ShortRun,False,Default,Default,Default,Default,Default,Default,0000000000000000,Empty,RyuJit,Default,Arm64,8c5e7fda-e8bf-4a96-9a85-a6e23a8c635c,.NET 10.0,False,True,False,True,Default,Default,False,False,False,Default,Default,Default,Default,Default,Default,Default,Default,3,Default,1,Default,Default,Default,Default,Default,Default,16,3,Serialize,64,Latin,283.33 ns,35.137 ns,1.926 ns,1.08,0.02,0.0315,0.0000,0.0000,264 B,1.00
SerializeToUtf8OwnedText,ShortRun,False,Default,Default,Default,Default,Default,Default,0000000000000000,Empty,RyuJit,Default,Arm64,8c5e7fda-e8bf-4a96-9a85-a6e23a8c635c,.NET 10.0,False,True,False,True,Default,Default,False,False,False,Default,Default,Default,Default,Default,Default,Default,Default,3,Default,1,Default,Default,Default,Default,Default,Default,16,3,Serialize,64,Latin,290.74 ns,6.938 ns,0.380 ns,1.10,0.02,0.0000,0.0000,0.0000,0 B,0.00
'Serialize string to bytes',ShortRun,False,Default,Default,Default,Default,Default,Default,0000000000000000,Empty,RyuJit,Default,Arm64,8c5e7fda-e8bf-4a96-9a85-a6e23a8c635c,.NET 10.0,False,True,False,True,Default,Default,False,False,False,Default,Default,Default,Default,Default,Default,Default,Default,3,Default,1,Default,Default,Default,Default,Default,Default,16,3,Serialize,64,Cjk,467.37 ns,49.573 ns,2.717 ns,1.00,0.01,0.0696,0.0000,0.0000,584 B,1.00
'Serialize Text to bytes',ShortRun,False,Default,Default,Default,Default,Default,Default,0000000000000000,Empty,RyuJit,Default,Arm64,8c5e7fda-e8bf-4a96-9a85-a6e23a8c635c,.NET 10.0,False,True,False,True,Default,Default,False,False,False,Default,Default,Default,Default,Default,Default,Default,Default,3,Default,1,Default,Default,Default,Default,Default,Default,16,3,Serialize,64,Cjk,547.55 ns,73.417 ns,4.024 ns,1.17,0.01,0.0696,0.0000,0.0000,584 B,1.00
SerializeToUtf8OwnedText,ShortRun,False,Default,Default,Default,Default,Default,Default,0000000000000000,Empty,RyuJit,Default,Arm64,8c5e7fda-e8bf-4a96-9a85-a6e23a8c635c,.NET 10.0,False,True,False,True,Default,Default,False,False,False,Default,Default,Default,Default,Default,Default,Default,Default,3,Default,1,Default,Default,Default,Default,Default,Default,16,3,Serialize,64,Cjk,535.96 ns,40.726 ns,2.232 ns,1.15,0.01,0.0000,0.0000,0.0000,0 B,0.00
'Serialize string to bytes',ShortRun,False,Default,Default,Default,Default,Default,Default,0000000000000000,Empty,RyuJit,Default,Arm64,8c5e7fda-e8bf-4a96-9a85-a6e23a8c635c,.NET 10.0,False,True,False,True,Default,Default,False,False,False,Default,Default,Default,Default,Default,Default,Default,Default,3,Default,1,Default,Default,Default,Default,Default,Default,16,3,Serialize,64,Emoji,434.87 ns,136.871 ns,7.502 ns,1.00,0.02,0.0725,0.0000,0.0000,608 B,1.00
'Serialize Text to bytes',ShortRun,False,Default,Default,Default,Default,Default,Default,0000000000000000,Empty,RyuJit,Default,Arm64,8c5e7fda-e8bf-4a96-9a85-a6e23a8c635c,.NET 10.0,False,True,False,True,Default,Default,False,False,False,Default,Default,Default,Default,Default,Default,Default,Default,3,Default,1,Default,Default,Default,Default,Default,Default,16,3,Serialize,64,Emoji,449.11 ns,250.195 ns,13.714 ns,1.03,0.03,0.0725,0.0000,0.0000,608 B,1.00
SerializeToUtf8OwnedText,ShortRun,False,Default,Default,Default,Default,Default,Default,0000000000000000,Empty,RyuJit,Default,Arm64,8c5e7fda-e8bf-4a96-9a85-a6e23a8c635c,.NET 10.0,False,True,False,True,Default,Default,False,False,False,Default,Default,Default,Default,Default,Default,Default,Default,3,Default,1,Default,Default,Default,Default,Default,Default,16,3,Serialize,64,Emoji,457.13 ns,64.519 ns,3.536 ns,1.05,0.02,0.0000,0.0000,0.0000,0 B,0.00
'Serialize string to bytes',ShortRun,False,Default,Default,Default,Default,Default,Default,0000000000000000,Empty,RyuJit,Default,Arm64,8c5e7fda-e8bf-4a96-9a85-a6e23a8c635c,.NET 10.0,False,True,False,True,Default,Default,False,False,False,Default,Default,Default,Default,Default,Default,Default,Default,3,Default,1,Default,Default,Default,Default,Default,Default,16,3,Serialize,64,Mixed,228.43 ns,31.501 ns,1.727 ns,1.00,0.01,0.0324,0.0000,0.0000,272 B,1.00
'Serialize Text to bytes',ShortRun,False,Default,Default,Default,Default,Default,Default,0000000000000000,Empty,RyuJit,Default,Arm64,8c5e7fda-e8bf-4a96-9a85-a6e23a8c635c,.NET 10.0,False,True,False,True,Default,Default,False,False,False,Default,Default,Default,Default,Default,Default,Default,Default,3,Default,1,Default,Default,Default,Default,Default,Default,16,3,Serialize,64,Mixed,254.57 ns,45.128 ns,2.474 ns,1.11,0.01,0.0324,0.0000,0.0000,272 B,1.00
SerializeToUtf8OwnedText,ShortRun,False,Default,Default,Default,Default,Default,Default,0000000000000000,Empty,RyuJit,Default,Arm64,8c5e7fda-e8bf-4a96-9a85-a6e23a8c635c,.NET 10.0,False,True,False,True,Default,Default,False,False,False,Default,Default,Default,Default,Default,Default,Default,Default,3,Default,1,Default,Default,Default,Default,Default,Default,16,3,Serialize,64,Mixed,280.26 ns,64.376 ns,3.529 ns,1.23,0.02,0.0000,0.0000,0.0000,0 B,0.00
'Serialize string to bytes',ShortRun,False,Default,Default,Default,Default,Default,Default,0000000000000000,Empty,RyuJit,Default,Arm64,8c5e7fda-e8bf-4a96-9a85-a6e23a8c635c,.NET 10.0,False,True,False,True,Default,Default,False,False,False,Default,Default,Default,Default,Default,Default,Default,Default,3,Default,1,Default,Default,Default,Default,Default,Default,16,3,Serialize,256,Ascii,122.36 ns,20.053 ns,1.099 ns,1.00,0.01,0.0525,0.0000,0.0000,440 B,1.00
'Serialize Text to bytes',ShortRun,False,Default,Default,Default,Default,Default,Default,0000000000000000,Empty,RyuJit,Default,Arm64,8c5e7fda-e8bf-4a96-9a85-a6e23a8c635c,.NET 10.0,False,True,False,True,Default,Default,False,False,False,Default,Default,Default,Default,Default,Default,Default,Default,3,Default,1,Default,Default,Default,Default,Default,Default,16,3,Serialize,256,Ascii,102.37 ns,21.683 ns,1.189 ns,0.84,0.01,0.0526,0.0000,0.0000,440 B,1.00
SerializeToUtf8OwnedText,ShortRun,False,Default,Default,Default,Default,Default,Default,0000000000000000,Empty,RyuJit,Default,Arm64,8c5e7fda-e8bf-4a96-9a85-a6e23a8c635c,.NET 10.0,False,True,False,True,Default,Default,False,False,False,Default,Default,Default,Default,Default,Default,Default,Default,3,Default,1,Default,Default,Default,Default,Default,Default,16,3,Serialize,256,Ascii,99.39 ns,4.972 ns,0.273 ns,0.81,0.01,0.0000,0.0000,0.0000,0 B,0.00
'Serialize string to bytes',ShortRun,False,Default,Default,Default,Default,Default,Default,0000000000000000,Empty,RyuJit,Default,Arm64,8c5e7fda-e8bf-4a96-9a85-a6e23a8c635c,.NET 10.0,False,True,False,True,Default,Default,False,False,False,Default,Default,Default,Default,Default,Default,Default,Default,3,Default,1,Default,Default,Default,Default,Default,Default,16,3,Serialize,256,Latin,693.49 ns,"1,076.114 ns",58.985 ns,1.00,0.10,0.0954,0.0000,0.0000,800 B,1.00
'Serialize Text to bytes',ShortRun,False,Default,Default,Default,Default,Default,Default,0000000000000000,Empty,RyuJit,Default,Arm64,8c5e7fda-e8bf-4a96-9a85-a6e23a8c635c,.NET 10.0,False,True,False,True,Default,Default,False,False,False,Default,Default,Default,Default,Default,Default,Default,Default,3,Default,1,Default,Default,Default,Default,Default,Default,16,3,Serialize,256,Latin,762.75 ns,181.748 ns,9.962 ns,1.10,0.08,0.0954,0.0000,0.0000,800 B,1.00
SerializeToUtf8OwnedText,ShortRun,False,Default,Default,Default,Default,Default,Default,0000000000000000,Empty,RyuJit,Default,Arm64,8c5e7fda-e8bf-4a96-9a85-a6e23a8c635c,.NET 10.0,False,True,False,True,Default,Default,False,False,False,Default,Default,Default,Default,Default,Default,Default,Default,3,Default,1,Default,Default,Default,Default,Default,Default,16,3,Serialize,256,Latin,771.48 ns,59.511 ns,3.262 ns,1.12,0.08,0.0000,0.0000,0.0000,0 B,0.00
'Serialize string to bytes',ShortRun,False,Default,Default,Default,Default,Default,Default,0000000000000000,Empty,RyuJit,Default,Arm64,8c5e7fda-e8bf-4a96-9a85-a6e23a8c635c,.NET 10.0,False,True,False,True,Default,Default,False,False,False,Default,Default,Default,Default,Default,Default,Default,Default,3,Default,1,Default,Default,Default,Default,Default,Default,16,3,Serialize,256,Cjk,"1,432.81 ns",405.282 ns,22.215 ns,1.00,0.02,0.2518,0.0000,0.0000,2120 B,1.00
'Serialize Text to bytes',ShortRun,False,Default,Default,Default,Default,Default,Default,0000000000000000,Empty,RyuJit,Default,Arm64,8c5e7fda-e8bf-4a96-9a85-a6e23a8c635c,.NET 10.0,False,True,False,True,Default,Default,False,False,False,Default,Default,Default,Default,Default,Default,Default,Default,3,Default,1,Default,Default,Default,Default,Default,Default,16,3,Serialize,256,Cjk,"1,610.82 ns",185.118 ns,10.147 ns,1.12,0.02,0.2518,0.0000,0.0000,2120 B,1.00
SerializeToUtf8OwnedText,ShortRun,False,Default,Default,Default,Default,Default,Default,0000000000000000,Empty,RyuJit,Default,Arm64,8c5e7fda-e8bf-4a96-9a85-a6e23a8c635c,.NET 10.0,False,True,False,True,Default,Default,False,False,False,Default,Default,Default,Default,Default,Default,Default,Default,3,Default,1,Default,Default,Default,Default,Default,Default,16,3,Serialize,256,Cjk,"1,657.13 ns",211.106 ns,11.571 ns,1.16,0.02,0.0000,0.0000,0.0000,0 B,0.00
'Serialize string to bytes',ShortRun,False,Default,Default,Default,Default,Default,Default,0000000000000000,Empty,RyuJit,Default,Arm64,8c5e7fda-e8bf-4a96-9a85-a6e23a8c635c,.NET 10.0,False,True,False,True,Default,Default,False,False,False,Default,Default,Default,Default,Default,Default,Default,Default,3,Default,1,Default,Default,Default,Default,Default,Default,16,3,Serialize,256,Emoji,"1,171.09 ns",295.454 ns,16.195 ns,1.00,0.02,0.2594,0.0000,0.0000,2184 B,1.00
'Serialize Text to bytes',ShortRun,False,Default,Default,Default,Default,Default,Default,0000000000000000,Empty,RyuJit,Default,Arm64,8c5e7fda-e8bf-4a96-9a85-a6e23a8c635c,.NET 10.0,False,True,False,True,Default,Default,False,False,False,Default,Default,Default,Default,Default,Default,Default,Default,3,Default,1,Default,Default,Default,Default,Default,Default,16,3,Serialize,256,Emoji,"1,196.16 ns",158.127 ns,8.667 ns,1.02,0.01,0.2594,0.0000,0.0000,2184 B,1.00
SerializeToUtf8OwnedText,ShortRun,False,Default,Default,Default,Default,Default,Default,0000000000000000,Empty,RyuJit,Default,Arm64,8c5e7fda-e8bf-4a96-9a85-a6e23a8c635c,.NET 10.0,False,True,False,True,Default,Default,False,False,False,Default,Default,Default,Default,Default,Default,Default,Default,3,Default,1,Default,Default,Default,Default,Default,Default,16,3,Serialize,256,Emoji,"1,227.73 ns",213.373 ns,11.696 ns,1.05,0.02,0.0000,0.0000,0.0000,0 B,0.00
'Serialize string to bytes',ShortRun,False,Default,Default,Default,Default,Default,Default,0000000000000000,Empty,RyuJit,Default,Arm64,8c5e7fda-e8bf-4a96-9a85-a6e23a8c635c,.NET 10.0,False,True,False,True,Default,Default,False,False,False,Default,Default,Default,Default,Default,Default,Default,Default,3,Default,1,Default,Default,Default,Default,Default,Default,16,3,Serialize,256,Mixed,650.70 ns,41.803 ns,2.291 ns,1.00,0.00,0.1087,0.0000,0.0000,912 B,1.00
'Serialize Text to bytes',ShortRun,False,Default,Default,Default,Default,Default,Default,0000000000000000,Empty,RyuJit,Default,Arm64,8c5e7fda-e8bf-4a96-9a85-a6e23a8c635c,.NET 10.0,False,True,False,True,Default,Default,False,False,False,Default,Default,Default,Default,Default,Default,Default,Default,3,Default,1,Default,Default,Default,Default,Default,Default,16,3,Serialize,256,Mixed,841.90 ns,182.642 ns,10.011 ns,1.29,0.01,0.1087,0.0000,0.0000,912 B,1.00
SerializeToUtf8OwnedText,ShortRun,False,Default,Default,Default,Default,Default,Default,0000000000000000,Empty,RyuJit,Default,Arm64,8c5e7fda-e8bf-4a96-9a85-a6e23a8c635c,.NET 10.0,False,True,False,True,Default,Default,False,False,False,Default,Default,Default,Default,Default,Default,Default,Default,3,Default,1,Default,Default,Default,Default,Default,Default,16,3,Serialize,256,Mixed,885.58 ns,"1,053.891 ns",57.767 ns,1.36,0.08,0.0000,0.0000,0.0000,0 B,0.00
'Serialize string to bytes',ShortRun,False,Default,Default,Default,Default,Default,Default,0000000000000000,Empty,RyuJit,Default,Arm64,8c5e7fda-e8bf-4a96-9a85-a6e23a8c635c,.NET 10.0,False,True,False,True,Default,Default,False,False,False,Default,Default,Default,Default,Default,Default,Default,Default,3,Default,1,Default,Default,Default,Default,Default,Default,16,3,Serialize,4096,Ascii,640.31 ns,77.960 ns,4.273 ns,1.00,0.01,0.7114,0.0000,0.0000,5960 B,1.00
'Serialize Text to bytes',ShortRun,False,Default,Default,Default,Default,Default,Default,0000000000000000,Empty,RyuJit,Default,Arm64,8c5e7fda-e8bf-4a96-9a85-a6e23a8c635c,.NET 10.0,False,True,False,True,Default,Default,False,False,False,Default,Default,Default,Default,Default,Default,Default,Default,3,Default,1,Default,Default,Default,Default,Default,Default,16,3,Serialize,4096,Ascii,524.61 ns,136.621 ns,7.489 ns,0.82,0.01,0.7114,0.0000,0.0000,5960 B,1.00
SerializeToUtf8OwnedText,ShortRun,False,Default,Default,Default,Default,Default,Default,0000000000000000,Empty,RyuJit,Default,Arm64,8c5e7fda-e8bf-4a96-9a85-a6e23a8c635c,.NET 10.0,False,True,False,True,Default,Default,False,False,False,Default,Default,Default,Default,Default,Default,Default,Default,3,Default,1,Default,Default,Default,Default,Default,Default,16,3,Serialize,4096,Ascii,506.62 ns,60.279 ns,3.304 ns,0.79,0.01,0.0000,0.0000,0.0000,0 B,0.00
'Serialize string to bytes',ShortRun,False,Default,Default,Default,Default,Default,Default,0000000000000000,Empty,RyuJit,Default,Arm64,8c5e7fda-e8bf-4a96-9a85-a6e23a8c635c,.NET 10.0,False,True,False,True,Default,Default,False,False,False,Default,Default,Default,Default,Default,Default,Default,Default,3,Default,1,Default,Default,Default,Default,Default,Default,16,3,Serialize,4096,Latin,"7,766.58 ns",438.125 ns,24.015 ns,1.00,0.00,1.3885,0.0000,0.0000,11680 B,1.00
'Serialize Text to bytes',ShortRun,False,Default,Default,Default,Default,Default,Default,0000000000000000,Empty,RyuJit,Default,Arm64,8c5e7fda-e8bf-4a96-9a85-a6e23a8c635c,.NET 10.0,False,True,False,True,Default,Default,False,False,False,Default,Default,Default,Default,Default,Default,Default,Default,3,Default,1,Default,Default,Default,Default,Default,Default,16,3,Serialize,4096,Latin,"10,299.46 ns","1,376.570 ns",75.454 ns,1.33,0.01,1.3885,0.0000,0.0000,11680 B,1.00
SerializeToUtf8OwnedText,ShortRun,False,Default,Default,Default,Default,Default,Default,0000000000000000,Empty,RyuJit,Default,Arm64,8c5e7fda-e8bf-4a96-9a85-a6e23a8c635c,.NET 10.0,False,True,False,True,Default,Default,False,False,False,Default,Default,Default,Default,Default,Default,Default,Default,3,Default,1,Default,Default,Default,Default,Default,Default,16,3,Serialize,4096,Latin,"10,291.36 ns",941.821 ns,51.624 ns,1.33,0.01,0.0000,0.0000,0.0000,0 B,0.00
'Serialize string to bytes',ShortRun,False,Default,Default,Default,Default,Default,Default,0000000000000000,Empty,RyuJit,Default,Arm64,8c5e7fda-e8bf-4a96-9a85-a6e23a8c635c,.NET 10.0,False,True,False,True,Default,Default,False,False,False,Default,Default,Default,Default,Default,Default,Default,Default,3,Default,1,Default,Default,Default,Default,Default,Default,16,3,Serialize,4096,Cjk,"20,801.67 ns","4,210.983 ns",230.818 ns,1.00,0.01,3.8757,0.0000,0.0000,32840 B,1.00
'Serialize Text to bytes',ShortRun,False,Default,Default,Default,Default,Default,Default,0000000000000000,Empty,RyuJit,Default,Arm64,8c5e7fda-e8bf-4a96-9a85-a6e23a8c635c,.NET 10.0,False,True,False,True,Default,Default,False,False,False,Default,Default,Default,Default,Default,Default,Default,Default,3,Default,1,Default,Default,Default,Default,Default,Default,16,3,Serialize,4096,Cjk,"23,915.78 ns","1,574.559 ns",86.307 ns,1.15,0.01,3.8757,0.0000,0.0000,32840 B,1.00
SerializeToUtf8OwnedText,ShortRun,False,Default,Default,Default,Default,Default,Default,0000000000000000,Empty,RyuJit,Default,Arm64,8c5e7fda-e8bf-4a96-9a85-a6e23a8c635c,.NET 10.0,False,True,False,True,Default,Default,False,False,False,Default,Default,Default,Default,Default,Default,Default,Default,3,Default,1,Default,Default,Default,Default,Default,Default,16,3,Serialize,4096,Cjk,"23,611.99 ns","4,615.815 ns",253.008 ns,1.14,0.02,0.0000,0.0000,0.0000,0 B,0.00
'Serialize string to bytes',ShortRun,False,Default,Default,Default,Default,Default,Default,0000000000000000,Empty,RyuJit,Default,Arm64,8c5e7fda-e8bf-4a96-9a85-a6e23a8c635c,.NET 10.0,False,True,False,True,Default,Default,False,False,False,Default,Default,Default,Default,Default,Default,Default,Default,3,Default,1,Default,Default,Default,Default,Default,Default,16,3,Serialize,4096,Emoji,"15,069.37 ns",653.128 ns,35.800 ns,1.00,0.00,4.0131,0.0000,0.0000,33704 B,1.00
'Serialize Text to bytes',ShortRun,False,Default,Default,Default,Default,Default,Default,0000000000000000,Empty,RyuJit,Default,Arm64,8c5e7fda-e8bf-4a96-9a85-a6e23a8c635c,.NET 10.0,False,True,False,True,Default,Default,False,False,False,Default,Default,Default,Default,Default,Default,Default,Default,3,Default,1,Default,Default,Default,Default,Default,Default,16,3,Serialize,4096,Emoji,"16,468.77 ns","1,700.123 ns",93.189 ns,1.09,0.01,3.9978,0.0000,0.0000,33704 B,1.00
SerializeToUtf8OwnedText,ShortRun,False,Default,Default,Default,Default,Default,Default,0000000000000000,Empty,RyuJit,Default,Arm64,8c5e7fda-e8bf-4a96-9a85-a6e23a8c635c,.NET 10.0,False,True,False,True,Default,Default,False,False,False,Default,Default,Default,Default,Default,Default,Default,Default,3,Default,1,Default,Default,Default,Default,Default,Default,16,3,Serialize,4096,Emoji,"16,590.27 ns","2,794.982 ns",153.202 ns,1.10,0.01,0.0000,0.0000,0.0000,0 B,0.00
'Serialize string to bytes',ShortRun,False,Default,Default,Default,Default,Default,Default,0000000000000000,Empty,RyuJit,Default,Arm64,8c5e7fda-e8bf-4a96-9a85-a6e23a8c635c,.NET 10.0,False,True,False,True,Default,Default,False,False,False,Default,Default,Default,Default,Default,Default,Default,Default,3,Default,1,Default,Default,Default,Default,Default,Default,16,3,Serialize,4096,Mixed,"8,400.04 ns","3,224.958 ns",176.771 ns,1.00,0.03,1.6022,0.0000,0.0000,13520 B,1.00
'Serialize Text to bytes',ShortRun,False,Default,Default,Default,Default,Default,Default,0000000000000000,Empty,RyuJit,Default,Arm64,8c5e7fda-e8bf-4a96-9a85-a6e23a8c635c,.NET 10.0,False,True,False,True,Default,Default,False,False,False,Default,Default,Default,Default,Default,Default,Default,Default,3,Default,1,Default,Default,Default,Default,Default,Default,16,3,Serialize,4096,Mixed,"11,424.34 ns","2,464.301 ns",135.077 ns,1.36,0.03,1.6022,0.0000,0.0000,13520 B,1.00
SerializeToUtf8OwnedText,ShortRun,False,Default,Default,Default,Default,Default,Default,0000000000000000,Empty,RyuJit,Default,Arm64,8c5e7fda-e8bf-4a96-9a85-a6e23a8c635c,.NET 10.0,False,True,False,True,Default,Default,False,False,False,Default,Default,Default,Default,Default,Default,Default,Default,3,Default,1,Default,Default,Default,Default,Default,Default,16,3,Serialize,4096,Mixed,"10,632.02 ns","3,322.829 ns",182.135 ns,1.27,0.03,0.0000,0.0000,0.0000,0 B,0.00
'Serialize string to bytes',ShortRun,False,Default,Default,Default,Default,Default,Default,0000000000000000,Empty,RyuJit,Default,Arm64,8c5e7fda-e8bf-4a96-9a85-a6e23a8c635c,.NET 10.0,False,True,False,True,Default,Default,False,False,False,Default,Default,Default,Default,Default,Default,Default,Default,3,Default,1,Default,Default,Default,Default,Default,Default,16,3,Serialize,65536,Ascii,"16,165.44 ns","32,267.297 ns","1,768.679 ns",1.01,0.13,29.3884,29.3884,29.3884,94310 B,1.00
'Serialize Text to bytes',ShortRun,False,Default,Default,Default,Default,Default,Default,0000000000000000,Empty,RyuJit,Default,Arm64,8c5e7fda-e8bf-4a96-9a85-a6e23a8c635c,.NET 10.0,False,True,False,True,Default,Default,False,False,False,Default,Default,Default,Default,Default,Default,Default,Default,3,Default,1,Default,Default,Default,Default,Default,Default,16,3,Serialize,65536,Ascii,"12,949.61 ns","1,737.904 ns",95.260 ns,0.81,0.07,29.4037,29.4037,29.4037,94310 B,1.00
SerializeToUtf8OwnedText,ShortRun,False,Default,Default,Default,Default,Default,Default,0000000000000000,Empty,RyuJit,Default,Arm64,8c5e7fda-e8bf-4a96-9a85-a6e23a8c635c,.NET 10.0,False,True,False,True,Default,Default,False,False,False,Default,Default,Default,Default,Default,Default,Default,Default,3,Default,1,Default,Default,Default,Default,Default,Default,16,3,Serialize,65536,Ascii,"7,727.65 ns",629.647 ns,34.513 ns,0.48,0.04,0.0000,0.0000,0.0000,0 B,0.00
'Serialize string to bytes',ShortRun,False,Default,Default,Default,Default,Default,Default,0000000000000000,Empty,RyuJit,Default,Arm64,8c5e7fda-e8bf-4a96-9a85-a6e23a8c635c,.NET 10.0,False,True,False,True,Default,Default,False,False,False,Default,Default,Default,Default,Default,Default,Default,Default,3,Default,1,Default,Default,Default,Default,Default,Default,16,3,Serialize,65536,Latin,"133,252.55 ns","18,766.607 ns","1,028.661 ns",1.00,0.01,52.0020,52.0020,52.0020,185810 B,1.00
'Serialize Text to bytes',ShortRun,False,Default,Default,Default,Default,Default,Default,0000000000000000,Empty,RyuJit,Default,Arm64,8c5e7fda-e8bf-4a96-9a85-a6e23a8c635c,.NET 10.0,False,True,False,True,Default,Default,False,False,False,Default,Default,Default,Default,Default,Default,Default,Default,3,Default,1,Default,Default,Default,Default,Default,Default,16,3,Serialize,65536,Latin,"176,752.64 ns","47,858.505 ns","2,623.286 ns",1.33,0.02,53.4668,53.4668,53.4668,185812 B,1.00
SerializeToUtf8OwnedText,ShortRun,False,Default,Default,Default,Default,Default,Default,0000000000000000,Empty,RyuJit,Default,Arm64,8c5e7fda-e8bf-4a96-9a85-a6e23a8c635c,.NET 10.0,False,True,False,True,Default,Default,False,False,False,Default,Default,Default,Default,Default,Default,Default,Default,3,Default,1,Default,Default,Default,Default,Default,Default,16,3,Serialize,65536,Latin,"162,145.29 ns","21,835.023 ns","1,196.851 ns",1.22,0.01,0.0000,0.0000,0.0000,0 B,0.00
'Serialize string to bytes',ShortRun,False,Default,Default,Default,Default,Default,Default,0000000000000000,Empty,RyuJit,Default,Arm64,8c5e7fda-e8bf-4a96-9a85-a6e23a8c635c,.NET 10.0,False,True,False,True,Default,Default,False,False,False,Default,Default,Default,Default,Default,Default,Default,Default,3,Default,1,Default,Default,Default,Default,Default,Default,16,3,Serialize,65536,Cjk,"345,034.75 ns","51,816.306 ns","2,840.227 ns",1.00,0.01,108.8867,108.8867,108.8867,524467 B,1.00
'Serialize Text to bytes',ShortRun,False,Default,Default,Default,Default,Default,Default,0000000000000000,Empty,RyuJit,Default,Arm64,8c5e7fda-e8bf-4a96-9a85-a6e23a8c635c,.NET 10.0,False,True,False,True,Default,Default,False,False,False,Default,Default,Default,Default,Default,Default,Default,Default,3,Default,1,Default,Default,Default,Default,Default,Default,16,3,Serialize,65536,Cjk,"417,613.49 ns","63,136.003 ns","3,460.697 ns",1.21,0.01,88.8672,88.8672,88.8672,524447 B,1.00
SerializeToUtf8OwnedText,ShortRun,False,Default,Default,Default,Default,Default,Default,0000000000000000,Empty,RyuJit,Default,Arm64,8c5e7fda-e8bf-4a96-9a85-a6e23a8c635c,.NET 10.0,False,True,False,True,Default,Default,False,False,False,Default,Default,Default,Default,Default,Default,Default,Default,3,Default,1,Default,Default,Default,Default,Default,Default,16,3,Serialize,65536,Cjk,"377,216.59 ns","38,386.379 ns","2,104.087 ns",1.09,0.01,0.0000,0.0000,0.0000,0 B,0.00
'Serialize string to bytes',ShortRun,False,Default,Default,Default,Default,Default,Default,0000000000000000,Empty,RyuJit,Default,Arm64,8c5e7fda-e8bf-4a96-9a85-a6e23a8c635c,.NET 10.0,False,True,False,True,Default,Default,False,False,False,Default,Default,Default,Default,Default,Default,Default,Default,3,Default,1,Default,Default,Default,Default,Default,Default,16,3,Serialize,65536,Emoji,"281,762.23 ns","96,271.263 ns","5,276.953 ns",1.00,0.02,114.7461,114.7461,114.7461,538137 B,1.00
'Serialize Text to bytes',ShortRun,False,Default,Default,Default,Default,Default,Default,0000000000000000,Empty,RyuJit,Default,Arm64,8c5e7fda-e8bf-4a96-9a85-a6e23a8c635c,.NET 10.0,False,True,False,True,Default,Default,False,False,False,Default,Default,Default,Default,Default,Default,Default,Default,3,Default,1,Default,Default,Default,Default,Default,Default,16,3,Serialize,65536,Emoji,"318,101.60 ns","193,430.622 ns","10,602.585 ns",1.13,0.04,92.7734,92.7734,92.7734,538115 B,1.00
SerializeToUtf8OwnedText,ShortRun,False,Default,Default,Default,Default,Default,Default,0000000000000000,Empty,RyuJit,Default,Arm64,8c5e7fda-e8bf-4a96-9a85-a6e23a8c635c,.NET 10.0,False,True,False,True,Default,Default,False,False,False,Default,Default,Default,Default,Default,Default,Default,Default,3,Default,1,Default,Default,Default,Default,Default,Default,16,3,Serialize,65536,Emoji,"272,015.00 ns","63,602.063 ns","3,486.244 ns",0.97,0.02,0.0000,0.0000,0.0000,0 B,0.00
'Serialize string to bytes',ShortRun,False,Default,Default,Default,Default,Default,Default,0000000000000000,Empty,RyuJit,Default,Arm64,8c5e7fda-e8bf-4a96-9a85-a6e23a8c635c,.NET 10.0,False,True,False,True,Default,Default,False,False,False,Default,Default,Default,Default,Default,Default,Default,Default,3,Default,1,Default,Default,Default,Default,Default,Default,16,3,Serialize,65536,Mixed,"146,360.16 ns","28,877.967 ns","1,582.899 ns",1.00,0.01,58.3496,58.3496,58.3496,215329 B,1.00
'Serialize Text to bytes',ShortRun,False,Default,Default,Default,Default,Default,Default,0000000000000000,Empty,RyuJit,Default,Arm64,8c5e7fda-e8bf-4a96-9a85-a6e23a8c635c,.NET 10.0,False,True,False,True,Default,Default,False,False,False,Default,Default,Default,Default,Default,Default,Default,Default,3,Default,1,Default,Default,Default,Default,Default,Default,16,3,Serialize,65536,Mixed,"204,425.77 ns","12,081.181 ns",662.210 ns,1.40,0.01,61.5234,61.5234,61.5234,215332 B,1.00
SerializeToUtf8OwnedText,ShortRun,False,Default,Default,Default,Default,Default,Default,0000000000000000,Empty,RyuJit,Default,Arm64,8c5e7fda-e8bf-4a96-9a85-a6e23a8c635c,.NET 10.0,False,True,False,True,Default,Default,False,False,False,Default,Default,Default,Default,Default,Default,Default,Default,3,Default,1,Default,Default,Default,Default,Default,Default,16,3,Serialize,65536,Mixed,"178,540.66 ns","38,807.141 ns","2,127.150 ns",1.22,0.02,0.0000,0.0000,0.0000,0 B,0.00
