Method,Job,AnalyzeLaunchVariance,EvaluateOverhead,MaxAbsoluteError,MaxRelativeError,MinInvokeCount,MinIterationTime,OutlierMode,Affinity,EnvironmentVariables,Jit,LargeAddressAware,Platform,PowerPlanMode,Runtime,AllowVeryLargeObjects,Concurrent,CpuGroups,Force,HeapAffinitizeMask,HeapCount,NoAffinitize,RetainVm,Server,Arguments,BuildConfiguration,Clock,EngineFactory,NuGetReferences,Toolchain,IsMutator,InvocationCount,IterationCount,IterationTime,LaunchCount,MaxIterationCount,MaxWarmupIterationCount,MemoryRandomization,MinIterationCount,MinWarmupIterationCount,RunStrategy,UnrollFactor,WarmupCount,Categories,PartSize,Locale,Mean,Error,StdDev,Ratio,RatioSD,Gen0,Gen1,Allocated,Alloc Ratio
"'string $""...""'",Job-VLEEEE,False,False,Default,0.1,Default,Default,Default,0000000000000000,Empty,RyuJit,Default,Arm64,8c5e7fda-e8bf-4a96-9a85-a6e23a8c635c,.NET 10.0,False,True,False,True,Default,Default,False,False,False,Default,Default,Default,Default,Default,InProcessEmitToolchain,Default,Default,Default,150ms,Default,30,Default,Default,Default,Default,Default,16,Default,2 parts,1,Ascii,6.648 ns,0.0631 ns,0.0527 ns,1.00,0.01,0.0038,0.0000,32 B,1.00
"'Text.Create $""..."" UTF-8'",Job-VLEEEE,False,False,Default,0.1,Default,Default,Default,0000000000000000,Empty,RyuJit,Default,Arm64,8c5e7fda-e8bf-4a96-9a85-a6e23a8c635c,.NET 10.0,False,True,False,True,Default,Default,False,False,False,Default,Default,Default,Default,Default,InProcessEmitToolchain,Default,Default,Default,150ms,Default,30,Default,Default,Default,Default,Default,16,Default,2 parts,1,Ascii,16.761 ns,0.1812 ns,0.1695 ns,2.52,0.03,0.0038,0.0000,32 B,1.00
"'OwnedText.Create $""..."" UTF-8'",Job-VLEEEE,False,False,Default,0.1,Default,Default,Default,0000000000000000,Empty,RyuJit,Default,Arm64,8c5e7fda-e8bf-4a96-9a85-a6e23a8c635c,.NET 10.0,False,True,False,True,Default,Default,False,False,False,Default,Default,Default,Default,Default,InProcessEmitToolchain,Default,Default,Default,150ms,Default,30,Default,Default,Default,Default,Default,16,Default,2 parts,1,Ascii,18.279 ns,0.0999 ns,0.0885 ns,2.75,0.02,0.0000,0.0000,0 B,0.00
"'LinkedTextUtf8 $""...""'",Job-VLEEEE,False,False,Default,0.1,Default,Default,Default,0000000000000000,Empty,RyuJit,Default,Arm64,8c5e7fda-e8bf-4a96-9a85-a6e23a8c635c,.NET 10.0,False,True,False,True,Default,Default,False,False,False,Default,Default,Default,Default,Default,InProcessEmitToolchain,Default,Default,Default,150ms,Default,30,Default,Default,Default,Default,Default,16,Default,2 parts,1,Ascii,11.861 ns,0.1702 ns,0.1509 ns,1.78,0.03,0.0219,0.0000,184 B,5.75
"'OwnedLinkedTextUtf8 $""...""'",Job-VLEEEE,False,False,Default,0.1,Default,Default,Default,0000000000000000,Empty,RyuJit,Default,Arm64,8c5e7fda-e8bf-4a96-9a85-a6e23a8c635c,.NET 10.0,False,True,False,True,Default,Default,False,False,False,Default,Default,Default,Default,Default,InProcessEmitToolchain,Default,Default,Default,150ms,Default,30,Default,Default,Default,Default,Default,16,Default,2 parts,1,Ascii,21.019 ns,0.4577 ns,0.4281 ns,3.16,0.07,0.0000,0.0000,0 B,0.00
"'string $""...""'",Job-VLEEEE,False,False,Default,0.1,Default,Default,Default,0000000000000000,Empty,RyuJit,Default,Arm64,8c5e7fda-e8bf-4a96-9a85-a6e23a8c635c,.NET 10.0,False,True,False,True,Default,Default,False,False,False,Default,Default,Default,Default,Default,InProcessEmitToolchain,Default,Default,Default,150ms,Default,30,Default,Default,Default,Default,Default,16,Default,2 parts,1,Cjk,6.642 ns,0.0673 ns,0.0630 ns,1.00,0.01,0.0038,0.0000,32 B,1.00
"'Text.Create $""..."" UTF-8'",Job-VLEEEE,False,False,Default,0.1,Default,Default,Default,0000000000000000,Empty,RyuJit,Default,Arm64,8c5e7fda-e8bf-4a96-9a85-a6e23a8c635c,.NET 10.0,False,True,False,True,Default,Default,False,False,False,Default,Default,Default,Default,Default,InProcessEmitToolchain,Default,Default,Default,150ms,Default,30,Default,Default,Default,Default,Default,16,Default,2 parts,1,Cjk,17.235 ns,0.1402 ns,0.1171 ns,2.60,0.03,0.0038,0.0000,32 B,1.00
"'OwnedText.Create $""..."" UTF-8'",Job-VLEEEE,False,False,Default,0.1,Default,Default,Default,0000000000000000,Empty,RyuJit,Default,Arm64,8c5e7fda-e8bf-4a96-9a85-a6e23a8c635c,.NET 10.0,False,True,False,True,Default,Default,False,False,False,Default,Default,Default,Default,Default,InProcessEmitToolchain,Default,Default,Default,150ms,Default,30,Default,Default,Default,Default,Default,16,Default,2 parts,1,Cjk,19.319 ns,0.1589 ns,0.1409 ns,2.91,0.03,0.0000,0.0000,0 B,0.00
"'LinkedTextUtf8 $""...""'",Job-VLEEEE,False,False,Default,0.1,Default,Default,Default,0000000000000000,Empty,RyuJit,Default,Arm64,8c5e7fda-e8bf-4a96-9a85-a6e23a8c635c,.NET 10.0,False,True,False,True,Default,Default,False,False,False,Default,Default,Default,Default,Default,InProcessEmitToolchain,Default,Default,Default,150ms,Default,30,Default,Default,Default,Default,Default,16,Default,2 parts,1,Cjk,12.094 ns,0.4008 ns,0.3347 ns,1.82,0.05,0.0220,0.0000,184 B,5.75
"'OwnedLinkedTextUtf8 $""...""'",Job-VLEEEE,False,False,Default,0.1,Default,Default,Default,0000000000000000,Empty,RyuJit,Default,Arm64,8c5e7fda-e8bf-4a96-9a85-a6e23a8c635c,.NET 10.0,False,True,False,True,Default,Default,False,False,False,Default,Default,Default,Default,Default,InProcessEmitToolchain,Default,Default,Default,150ms,Default,30,Default,Default,Default,Default,Default,16,Default,2 parts,1,Cjk,20.757 ns,0.2890 ns,0.2256 ns,3.13,0.04,0.0000,0.0000,0 B,0.00
"'string $""...""'",Job-VLEEEE,False,False,Default,0.1,Default,Default,Default,0000000000000000,Empty,RyuJit,Default,Arm64,8c5e7fda-e8bf-4a96-9a85-a6e23a8c635c,.NET 10.0,False,True,False,True,Default,Default,False,False,False,Default,Default,Default,Default,Default,InProcessEmitToolchain,Default,Default,Default,150ms,Default,30,Default,Default,Default,Default,Default,16,Default,2 parts,1,Emoji,6.644 ns,0.0608 ns,0.0474 ns,1.00,0.01,0.0038,0.0000,32 B,1.00
"'Text.Create $""..."" UTF-8'",Job-VLEEEE,False,False,Default,0.1,Default,Default,Default,0000000000000000,Empty,RyuJit,Default,Arm64,8c5e7fda-e8bf-4a96-9a85-a6e23a8c635c,.NET 10.0,False,True,False,True,Default,Default,False,False,False,Default,Default,Default,Default,Default,InProcessEmitToolchain,Default,Default,Default,150ms,Default,30,Default,Default,Default,Default,Default,16,Default,2 parts,1,Emoji,17.170 ns,0.0933 ns,0.0779 ns,2.58,0.02,0.0037,0.0000,32 B,1.00
"'OwnedText.Create $""..."" UTF-8'",Job-VLEEEE,False,False,Default,0.1,Default,Default,Default,0000000000000000,Empty,RyuJit,Default,Arm64,8c5e7fda-e8bf-4a96-9a85-a6e23a8c635c,.NET 10.0,False,True,False,True,Default,Default,False,False,False,Default,Default,Default,Default,Default,InProcessEmitToolchain,Default,Default,Default,150ms,Default,30,Default,Default,Default,Default,Default,16,Default,2 parts,1,Emoji,18.781 ns,0.1624 ns,0.1519 ns,2.83,0.03,0.0000,0.0000,0 B,0.00
"'LinkedTextUtf8 $""...""'",Job-VLEEEE,False,False,Default,0.1,Default,Default,Default,0000000000000000,Empty,RyuJit,Default,Arm64,8c5e7fda-e8bf-4a96-9a85-a6e23a8c635c,.NET 10.0,False,True,False,True,Default,Default,False,False,False,Default,Default,Default,Default,Default,InProcessEmitToolchain,Default,Default,Default,150ms,Default,30,Default,Default,Default,Default,Default,16,Default,2 parts,1,Emoji,11.878 ns,0.1173 ns,0.0979 ns,1.79,0.02,0.0220,0.0000,184 B,5.75
"'OwnedLinkedTextUtf8 $""...""'",Job-VLEEEE,False,False,Default,0.1,Default,Default,Default,0000000000000000,Empty,RyuJit,Default,Arm64,8c5e7fda-e8bf-4a96-9a85-a6e23a8c635c,.NET 10.0,False,True,False,True,Default,Default,False,False,False,Default,Default,Default,Default,Default,InProcessEmitToolchain,Default,Default,Default,150ms,Default,30,Default,Default,Default,Default,Default,16,Default,2 parts,1,Emoji,20.856 ns,0.4981 ns,0.4660 ns,3.14,0.07,0.0000,0.0000,0 B,0.00
"'string $""...""'",Job-VLEEEE,False,False,Default,0.1,Default,Default,Default,0000000000000000,Empty,RyuJit,Default,Arm64,8c5e7fda-e8bf-4a96-9a85-a6e23a8c635c,.NET 10.0,False,True,False,True,Default,Default,False,False,False,Default,Default,Default,Default,Default,InProcessEmitToolchain,Default,Default,Default,150ms,Default,30,Default,Default,Default,Default,Default,16,Default,2 parts,1,Mixed,6.697 ns,0.1142 ns,0.0954 ns,1.00,0.02,0.0038,0.0000,32 B,1.00
"'Text.Create $""..."" UTF-8'",Job-VLEEEE,False,False,Default,0.1,Default,Default,Default,0000000000000000,Empty,RyuJit,Default,Arm64,8c5e7fda-e8bf-4a96-9a85-a6e23a8c635c,.NET 10.0,False,True,False,True,Default,Default,False,False,False,Default,Default,Default,Default,Default,InProcessEmitToolchain,Default,Default,Default,150ms,Default,30,Default,Default,Default,Default,Default,16,Default,2 parts,1,Mixed,16.800 ns,0.1700 ns,0.1590 ns,2.51,0.04,0.0038,0.0000,32 B,1.00
"'OwnedText.Create $""..."" UTF-8'",Job-VLEEEE,False,False,Default,0.1,Default,Default,Default,0000000000000000,Empty,RyuJit,Default,Arm64,8c5e7fda-e8bf-4a96-9a85-a6e23a8c635c,.NET 10.0,False,True,False,True,Default,Default,False,False,False,Default,Default,Default,Default,Default,InProcessEmitToolchain,Default,Default,Default,150ms,Default,30,Default,Default,Default,Default,Default,16,Default,2 parts,1,Mixed,18.432 ns,0.1499 ns,0.1328 ns,2.75,0.04,0.0000,0.0000,0 B,0.00
"'LinkedTextUtf8 $""...""'",Job-VLEEEE,False,False,Default,0.1,Default,Default,Default,0000000000000000,Empty,RyuJit,Default,Arm64,8c5e7fda-e8bf-4a96-9a85-a6e23a8c635c,.NET 10.0,False,True,False,True,Default,Default,False,False,False,Default,Default,Default,Default,Default,InProcessEmitToolchain,Default,Default,Default,150ms,Default,30,Default,Default,Default,Default,Default,16,Default,2 parts,1,Mixed,11.903 ns,0.1848 ns,0.1728 ns,1.78,0.03,0.0219,0.0000,184 B,5.75
"'OwnedLinkedTextUtf8 $""...""'",Job-VLEEEE,False,False,Default,0.1,Default,Default,Default,0000000000000000,Empty,RyuJit,Default,Arm64,8c5e7fda-e8bf-4a96-9a85-a6e23a8c635c,.NET 10.0,False,True,False,True,Default,Default,False,False,False,Default,Default,Default,Default,Default,InProcessEmitToolchain,Default,Default,Default,150ms,Default,30,Default,Default,Default,Default,Default,16,Default,2 parts,1,Mixed,20.993 ns,0.3565 ns,0.3335 ns,3.14,0.06,0.0000,0.0000,0 B,0.00
"'string $""...""'",Job-VLEEEE,False,False,Default,0.1,Default,Default,Default,0000000000000000,Empty,RyuJit,Default,Arm64,8c5e7fda-e8bf-4a96-9a85-a6e23a8c635c,.NET 10.0,False,True,False,True,Default,Default,False,False,False,Default,Default,Default,Default,Default,InProcessEmitToolchain,Default,Default,Default,150ms,Default,30,Default,Default,Default,Default,Default,16,Default,2 parts,64,Ascii,14.587 ns,0.2009 ns,0.1781 ns,1.00,0.02,0.0334,0.0000,280 B,1.00
"'Text.Create $""..."" UTF-8'",Job-VLEEEE,False,False,Default,0.1,Default,Default,Default,0000000000000000,Empty,RyuJit,Default,Arm64,8c5e7fda-e8bf-4a96-9a85-a6e23a8c635c,.NET 10.0,False,True,False,True,Default,Default,False,False,False,Default,Default,Default,Default,Default,InProcessEmitToolchain,Default,Default,Default,150ms,Default,30,Default,Default,Default,Default,Default,16,Default,2 parts,64,Ascii,29.823 ns,0.2013 ns,0.1681 ns,2.04,0.03,0.0182,0.0000,152 B,0.54
"'OwnedText.Create $""..."" UTF-8'",Job-VLEEEE,False,False,Default,0.1,Default,Default,Default,0000000000000000,Empty,RyuJit,Default,Arm64,8c5e7fda-e8bf-4a96-9a85-a6e23a8c635c,.NET 10.0,False,True,False,True,Default,Default,False,False,False,Default,Default,Default,Default,Default,InProcessEmitToolchain,Default,Default,Default,150ms,Default,30,Default,Default,Default,Default,Default,16,Default,2 parts,64,Ascii,25.323 ns,0.2037 ns,0.1905 ns,1.74,0.02,0.0000,0.0000,0 B,0.00
"'LinkedTextUtf8 $""...""'",Job-VLEEEE,False,False,Default,0.1,Default,Default,Default,0000000000000000,Empty,RyuJit,Default,Arm64,8c5e7fda-e8bf-4a96-9a85-a6e23a8c635c,.NET 10.0,False,True,False,True,Default,Default,False,False,False,Default,Default,Default,Default,Default,InProcessEmitToolchain,Default,Default,Default,150ms,Default,30,Default,Default,Default,Default,Default,16,Default,2 parts,64,Ascii,11.896 ns,0.1182 ns,0.1047 ns,0.82,0.01,0.0219,0.0000,184 B,0.66
"'OwnedLinkedTextUtf8 $""...""'",Job-VLEEEE,False,False,Default,0.1,Default,Default,Default,0000000000000000,Empty,RyuJit,Default,Arm64,8c5e7fda-e8bf-4a96-9a85-a6e23a8c635c,.NET 10.0,False,True,False,True,Default,Default,False,False,False,Default,Default,Default,Default,Default,InProcessEmitToolchain,Default,Default,Default,150ms,Default,30,Default,Default,Default,Default,Default,16,Default,2 parts,64,Ascii,21.425 ns,0.3959 ns,0.3703 ns,1.47,0.03,0.0000,0.0000,0 B,0.00
"'string $""...""'",Job-VLEEEE,False,False,Default,0.1,Default,Default,Default,0000000000000000,Empty,RyuJit,Default,Arm64,8c5e7fda-e8bf-4a96-9a85-a6e23a8c635c,.NET 10.0,False,True,False,True,Default,Default,False,False,False,Default,Default,Default,Default,Default,InProcessEmitToolchain,Default,Default,Default,150ms,Default,30,Default,Default,Default,Default,Default,16,Default,2 parts,64,Cjk,14.702 ns,0.3565 ns,0.3335 ns,1.00,0.03,0.0335,0.0000,280 B,1.00
"'Text.Create $""..."" UTF-8'",Job-VLEEEE,False,False,Default,0.1,Default,Default,Default,0000000000000000,Empty,RyuJit,Default,Arm64,8c5e7fda-e8bf-4a96-9a85-a6e23a8c635c,.NET 10.0,False,True,False,True,Default,Default,False,False,False,Default,Default,Default,Default,Default,InProcessEmitToolchain,Default,Default,Default,150ms,Default,30,Default,Default,Default,Default,Default,16,Default,2 parts,64,Cjk,51.111 ns,0.6698 ns,0.6266 ns,3.48,0.09,0.0486,0.0000,408 B,1.46
"'OwnedText.Create $""..."" UTF-8'",Job-VLEEEE,False,False,Default,0.1,Default,Default,Default,0000000000000000,Empty,RyuJit,Default,Arm64,8c5e7fda-e8bf-4a96-9a85-a6e23a8c635c,.NET 10.0,False,True,False,True,Default,Default,False,False,False,Default,Default,Default,Default,Default,InProcessEmitToolchain,Default,Default,Default,150ms,Default,30,Default,Default,Default,Default,Default,16,Default,2 parts,64,Cjk,35.537 ns,0.2235 ns,0.1981 ns,2.42,0.05,0.0000,0.0000,0 B,0.00
"'LinkedTextUtf8 $""...""'",Job-VLEEEE,False,False,Default,0.1,Default,Default,Default,0000000000000000,Empty,RyuJit,Default,Arm64,8c5e7fda-e8bf-4a96-9a85-a6e23a8c635c,.NET 10.0,False,True,False,True,Default,Default,False,False,False,Default,Default,Default,Default,Default,InProcessEmitToolchain,Default,Default,Default,150ms,Default,30,Default,Default,Default,Default,Default,16,Default,2 parts,64,Cjk,11.871 ns,0.2272 ns,0.1897 ns,0.81,0.02,0.0220,0.0000,184 B,0.66
"'OwnedLinkedTextUtf8 $""...""'",Job-VLEEEE,False,False,Default,0.1,Default,Default,Default,0000000000000000,Empty,RyuJit,Default,Arm64,8c5e7fda-e8bf-4a96-9a85-a6e23a8c635c,.NET 10.0,False,True,False,True,Default,Default,False,False,False,Default,Default,Default,Default,Default,InProcessEmitToolchain,Default,Default,Default,150ms,Default,30,Default,Default,Default,Default,Default,16,Default,2 parts,64,Cjk,21.223 ns,0.4458 ns,0.4170 ns,1.44,0.04,0.0000,0.0000,0 B,0.00
"'string $""...""'",Job-VLEEEE,False,False,Default,0.1,Default,Default,Default,0000000000000000,Empty,RyuJit,Default,Arm64,8c5e7fda-e8bf-4a96-9a85-a6e23a8c635c,.NET 10.0,False,True,False,True,Default,Default,False,False,False,Default,Default,Default,Default,Default,InProcessEmitToolchain,Default,Default,Default,150ms,Default,30,Default,Default,Default,Default,Default,16,Default,2 parts,64,Emoji,14.638 ns,0.2172 ns,0.2031 ns,1.00,0.02,0.0335,0.0000,280 B,1.00
"'Text.Create $""..."" UTF-8'",Job-VLEEEE,False,False,Default,0.1,Default,Default,Default,0000000000000000,Empty,RyuJit,Default,Arm64,8c5e7fda-e8bf-4a96-9a85-a6e23a8c635c,.NET 10.0,False,True,False,True,Default,Default,False,False,False,Default,Default,Default,Default,Default,InProcessEmitToolchain,Default,Default,Default,150ms,Default,30,Default,Default,Default,Default,Default,16,Default,2 parts,64,Emoji,44.498 ns,0.5098 ns,0.4519 ns,3.04,0.05,0.0334,0.0000,280 B,1.00
"'OwnedText.Create $""..."" UTF-8'",Job-VLEEEE,False,False,Default,0.1,Default,Default,Default,0000000000000000,Empty,RyuJit,Default,Arm64,8c5e7fda-e8bf-4a96-9a85-a6e23a8c635c,.NET 10.0,False,True,False,True,Default,Default,False,False,False,Default,Default,Default,Default,Default,InProcessEmitToolchain,Default,Default,Default,150ms,Default,30,Default,Default,Default,Default,Default,16,Default,2 parts,64,Emoji,51.068 ns,0.4204 ns,0.3932 ns,3.49,0.05,0.0000,0.0000,0 B,0.00
"'LinkedTextUtf8 $""...""'",Job-VLEEEE,False,False,Default,0.1,Default,Default,Default,0000000000000000,Empty,RyuJit,Default,Arm64,8c5e7fda-e8bf-4a96-9a85-a6e23a8c635c,.NET 10.0,False,True,False,True,Default,Default,False,False,False,Default,Default,Default,Default,Default,InProcessEmitToolchain,Default,Default,Default,150ms,Default,30,Default,Default,Default,Default,Default,16,Default,2 parts,64,Emoji,11.763 ns,0.0715 ns,0.0597 ns,0.80,0.01,0.0219,0.0000,184 B,0.66
"'OwnedLinkedTextUtf8 $""...""'",Job-VLEEEE,False,False,Default,0.1,Default,Default,Default,0000000000000000,Empty,RyuJit,Default,Arm64,8c5e7fda-e8bf-4a96-9a85-a6e23a8c635c,.NET 10.0,False,True,False,True,Default,Default,False,False,False,Default,Default,Default,Default,Default,InProcessEmitToolchain,Default,Default,Default,150ms,Default,30,Default,Default,Default,Default,Default,16,Default,2 parts,64,Emoji,21.157 ns,0.4058 ns,0.3796 ns,1.45,0.03,0.0000,0.0000,0 B,0.00
"'string $""...""'",Job-VLEEEE,False,False,Default,0.1,Default,Default,Default,0000000000000000,Empty,RyuJit,Default,Arm64,8c5e7fda-e8bf-4a96-9a85-a6e23a8c635c,.NET 10.0,False,True,False,True,Default,Default,False,False,False,Default,Default,Default,Default,Default,InProcessEmitToolchain,Default,Default,Default,150ms,Default,30,Default,Default,Default,Default,Default,16,Default,2 parts,64,Mixed,14.499 ns,0.1766 ns,0.1566 ns,1.00,0.01,0.0334,0.0000,280 B,1.00
"'Text.Create $""..."" UTF-8'",Job-VLEEEE,False,False,Default,0.1,Default,Default,Default,0000000000000000,Empty,RyuJit,Default,Arm64,8c5e7fda-e8bf-4a96-9a85-a6e23a8c635c,.NET 10.0,False,True,False,True,Default,Default,False,False,False,Default,Default,Default,Default,Default,InProcessEmitToolchain,Default,Default,Default,150ms,Default,30,Default,Default,Default,Default,Default,16,Default,2 parts,64,Mixed,37.531 ns,0.1339 ns,0.1118 ns,2.59,0.03,0.0228,0.0000,192 B,0.69
"'OwnedText.Create $""..."" UTF-8'",Job-VLEEEE,False,False,Default,0.1,Default,Default,Default,0000000000000000,Empty,RyuJit,Default,Arm64,8c5e7fda-e8bf-4a96-9a85-a6e23a8c635c,.NET 10.0,False,True,False,True,Default,Default,False,False,False,Default,Default,Default,Default,Default,InProcessEmitToolchain,Default,Default,Default,150ms,Default,30,Default,Default,Default,Default,Default,16,Default,2 parts,64,Mixed,50.272 ns,0.3138 ns,0.2621 ns,3.47,0.04,0.0000,0.0000,0 B,0.00
"'LinkedTextUtf8 $""...""'",Job-VLEEEE,False,False,Default,0.1,Default,Default,Default,0000000000000000,Empty,RyuJit,Default,Arm64,8c5e7fda-e8bf-4a96-9a85-a6e23a8c635c,.NET 10.0,False,True,False,True,Default,Default,False,False,False,Default,Default,Default,Default,Default,InProcessEmitToolchain,Default,Default,Default,150ms,Default,30,Default,Default,Default,Default,Default,16,Default,2 parts,64,Mixed,11.902 ns,0.1557 ns,0.1301 ns,0.82,0.01,0.0219,0.0000,184 B,0.66
"'OwnedLinkedTextUtf8 $""...""'",Job-VLEEEE,False,False,Default,0.1,Default,Default,Default,0000000000000000,Empty,RyuJit,Default,Arm64,8c5e7fda-e8bf-4a96-9a85-a6e23a8c635c,.NET 10.0,False,True,False,True,Default,Default,False,False,False,Default,Default,Default,Default,Default,InProcessEmitToolchain,Default,Default,Default,150ms,Default,30,Default,Default,Default,Default,Default,16,Default,2 parts,64,Mixed,21.133 ns,0.5110 ns,0.4780 ns,1.46,0.04,0.0000,0.0000,0 B,0.00
"'string $""...""'",Job-VLEEEE,False,False,Default,0.1,Default,Default,Default,0000000000000000,Empty,RyuJit,Default,Arm64,8c5e7fda-e8bf-4a96-9a85-a6e23a8c635c,.NET 10.0,False,True,False,True,Default,Default,False,False,False,Default,Default,Default,Default,Default,InProcessEmitToolchain,Default,Default,Default,150ms,Default,30,Default,Default,Default,Default,Default,16,Default,2 parts,1024,Ascii,146.978 ns,1.6812 ns,1.4039 ns,1.00,0.01,0.4918,0.0000,4120 B,1.00
"'Text.Create $""..."" UTF-8'",Job-VLEEEE,False,False,Default,0.1,Default,Default,Default,0000000000000000,Empty,RyuJit,Default,Arm64,8c5e7fda-e8bf-4a96-9a85-a6e23a8c635c,.NET 10.0,False,True,False,True,Default,Default,False,False,False,Default,Default,Default,Default,Default,InProcessEmitToolchain,Default,Default,Default,150ms,Default,30,Default,Default,Default,Default,Default,16,Default,2 parts,1024,Ascii,140.173 ns,1.3275 ns,1.1086 ns,0.95,0.01,0.2474,0.0019,2072 B,0.50
"'OwnedText.Create $""..."" UTF-8'",Job-VLEEEE,False,False,Default,0.1,Default,Default,Default,0000000000000000,Empty,RyuJit,Default,Arm64,8c5e7fda-e8bf-4a96-9a85-a6e23a8c635c,.NET 10.0,False,True,False,True,Default,Default,False,False,False,Default,Default,Default,Default,Default,InProcessEmitToolchain,Default,Default,Default,150ms,Default,30,Default,Default,Default,Default,Default,16,Default,2 parts,1024,Ascii,61.227 ns,0.3420 ns,0.3032 ns,0.42,0.00,0.0000,0.0000,0 B,0.00
"'LinkedTextUtf8 $""...""'",Job-VLEEEE,False,False,Default,0.1,Default,Default,Default,0000000000000000,Empty,RyuJit,Default,Arm64,8c5e7fda-e8bf-4a96-9a85-a6e23a8c635c,.NET 10.0,False,True,False,True,Default,Default,False,False,False,Default,Default,Default,Default,Default,InProcessEmitToolchain,Default,Default,Default,150ms,Default,30,Default,Default,Default,Default,Default,16,Default,2 parts,1024,Ascii,11.888 ns,0.1457 ns,0.1292 ns,0.08,0.00,0.0219,0.0000,184 B,0.04
"'OwnedLinkedTextUtf8 $""...""'",Job-VLEEEE,False,False,Default,0.1,Default,Default,Default,0000000000000000,Empty,RyuJit,Default,Arm64,8c5e7fda-e8bf-4a96-9a85-a6e23a8c635c,.NET 10.0,False,True,False,True,Default,Default,False,False,False,Default,Default,Default,Default,Default,InProcessEmitToolchain,Default,Default,Default,150ms,Default,30,Default,Default,Default,Default,Default,16,Default,2 parts,1024,Ascii,20.764 ns,0.4736 ns,0.4198 ns,0.14,0.00,0.0000,0.0000,0 B,0.00
"'string $""...""'",Job-VLEEEE,False,False,Default,0.1,Default,Default,Default,0000000000000000,Empty,RyuJit,Default,Arm64,8c5e7fda-e8bf-4a96-9a85-a6e23a8c635c,.NET 10.0,False,True,False,True,Default,Default,False,False,False,Default,Default,Default,Default,Default,InProcessEmitToolchain,Default,Default,Default,150ms,Default,30,Default,Default,Default,Default,Default,16,Default,2 parts,1024,Cjk,149.478 ns,3.5067 ns,3.1086 ns,1.00,0.03,0.4922,0.0000,4120 B,1.00
"'Text.Create $""..."" UTF-8'",Job-VLEEEE,False,False,Default,0.1,Default,Default,Default,0000000000000000,Empty,RyuJit,Default,Arm64,8c5e7fda-e8bf-4a96-9a85-a6e23a8c635c,.NET 10.0,False,True,False,True,Default,Default,False,False,False,Default,Default,Default,Default,Default,InProcessEmitToolchain,Default,Default,Default,150ms,Default,30,Default,Default,Default,Default,Default,16,Default,2 parts,1024,Cjk,342.991 ns,2.4940 ns,2.0826 ns,2.30,0.05,0.7366,0.0162,6168 B,1.50
"'OwnedText.Create $""..."" UTF-8'",Job-VLEEEE,False,False,Default,0.1,Default,Default,Default,0000000000000000,Empty,RyuJit,Default,Arm64,8c5e7fda-e8bf-4a96-9a85-a6e23a8c635c,.NET 10.0,False,True,False,True,Default,Default,False,False,False,Default,Default,Default,Default,Default,InProcessEmitToolchain,Default,Default,Default,150ms,Default,30,Default,Default,Default,Default,Default,16,Default,2 parts,1024,Cjk,112.114 ns,0.6574 ns,0.5828 ns,0.75,0.02,0.0000,0.0000,0 B,0.00
"'LinkedTextUtf8 $""...""'",Job-VLEEEE,False,False,Default,0.1,Default,Default,Default,0000000000000000,Empty,RyuJit,Default,Arm64,8c5e7fda-e8bf-4a96-9a85-a6e23a8c635c,.NET 10.0,False,True,False,True,Default,Default,False,False,False,Default,Default,Default,Default,Default,InProcessEmitToolchain,Default,Default,Default,150ms,Default,30,Default,Default,Default,Default,Default,16,Default,2 parts,1024,Cjk,11.887 ns,0.1531 ns,0.1432 ns,0.08,0.00,0.0219,0.0000,184 B,0.04
"'OwnedLinkedTextUtf8 $""...""'",Job-VLEEEE,False,False,Default,0.1,Default,Default,Default,0000000000000000,Empty,RyuJit,Default,Arm64,8c5e7fda-e8bf-4a96-9a85-a6e23a8c635c,.NET 10.0,False,True,False,True,Default,Default,False,False,False,Default,Default,Default,Default,Default,InProcessEmitToolchain,Default,Default,Default,150ms,Default,30,Default,Default,Default,Default,Default,16,Default,2 parts,1024,Cjk,21.022 ns,0.4037 ns,0.3777 ns,0.14,0.00,0.0000,0.0000,0 B,0.00
"'string $""...""'",Job-VLEEEE,False,False,Default,0.1,Default,Default,Default,0000000000000000,Empty,RyuJit,Default,Arm64,8c5e7fda-e8bf-4a96-9a85-a6e23a8c635c,.NET 10.0,False,True,False,True,Default,Default,False,False,False,Default,Default,Default,Default,Default,InProcessEmitToolchain,Default,Default,Default,150ms,Default,30,Default,Default,Default,Default,Default,16,Default,2 parts,1024,Emoji,146.491 ns,1.0813 ns,0.9030 ns,1.00,0.01,0.4921,0.0000,4120 B,1.00
"'Text.Create $""..."" UTF-8'",Job-VLEEEE,False,False,Default,0.1,Default,Default,Default,0000000000000000,Empty,RyuJit,Default,Arm64,8c5e7fda-e8bf-4a96-9a85-a6e23a8c635c,.NET 10.0,False,True,False,True,Default,Default,False,False,False,Default,Default,Default,Default,Default,InProcessEmitToolchain,Default,Default,Default,150ms,Default,30,Default,Default,Default,Default,Default,16,Default,2 parts,1024,Emoji,242.105 ns,2.0864 ns,1.7422 ns,1.65,0.02,0.4917,0.0064,4120 B,1.00
"'OwnedText.Create $""..."" UTF-8'",Job-VLEEEE,False,False,Default,0.1,Default,Default,Default,0000000000000000,Empty,RyuJit,Default,Arm64,8c5e7fda-e8bf-4a96-9a85-a6e23a8c635c,.NET 10.0,False,True,False,True,Default,Default,False,False,False,Default,Default,Default,Default,Default,InProcessEmitToolchain,Default,Default,Default,150ms,Default,30,Default,Default,Default,Default,Default,16,Default,2 parts,1024,Emoji,86.730 ns,1.1141 ns,1.0421 ns,0.59,0.01,0.0000,0.0000,0 B,0.00
"'LinkedTextUtf8 $""...""'",Job-VLEEEE,False,False,Default,0.1,Default,Default,Default,0000000000000000,Empty,RyuJit,Default,Arm64,8c5e7fda-e8bf-4a96-9a85-a6e23a8c635c,.NET 10.0,False,True,False,True,Default,Default,False,False,False,Default,Default,Default,Default,Default,InProcessEmitToolchain,Default,Default,Default,150ms,Default,30,Default,Default,Default,Default,Default,16,Default,2 parts,1024,Emoji,11.906 ns,0.2448 ns,0.2045 ns,0.08,0.00,0.0219,0.0000,184 B,0.04
"'OwnedLinkedTextUtf8 $""...""'",Job-VLEEEE,False,False,Default,0.1,Default,Default,Default,0000000000000000,Empty,RyuJit,Default,Arm64,8c5e7fda-e8bf-4a96-9a85-a6e23a8c635c,.NET 10.0,False,True,False,True,Default,Default,False,False,False,Default,Default,Default,Default,Default,InProcessEmitToolchain,Default,Default,Default,150ms,Default,30,Default,Default,Default,Default,Default,16,Default,2 parts,1024,Emoji,21.712 ns,0.3863 ns,0.3614 ns,0.15,0.00,0.0000,0.0000,0 B,0.00
"'string $""...""'",Job-VLEEEE,False,False,Default,0.1,Default,Default,Default,0000000000000000,Empty,RyuJit,Default,Arm64,8c5e7fda-e8bf-4a96-9a85-a6e23a8c635c,.NET 10.0,False,True,False,True,Default,Default,False,False,False,Default,Default,Default,Default,Default,InProcessEmitToolchain,Default,Default,Default,150ms,Default,30,Default,Default,Default,Default,Default,16,Default,2 parts,1024,Mixed,147.932 ns,2.1121 ns,1.8723 ns,1.00,0.02,0.4920,0.0000,4120 B,1.00
"'Text.Create $""..."" UTF-8'",Job-VLEEEE,False,False,Default,0.1,Default,Default,Default,0000000000000000,Empty,RyuJit,Default,Arm64,8c5e7fda-e8bf-4a96-9a85-a6e23a8c635c,.NET 10.0,False,True,False,True,Default,Default,False,False,False,Default,Default,Default,Default,Default,InProcessEmitToolchain,Default,Default,Default,150ms,Default,30,Default,Default,Default,Default,Default,16,Default,2 parts,1024,Mixed,172.757 ns,3.1926 ns,2.8301 ns,1.17,0.02,0.3217,0.0023,2696 B,0.65
"'OwnedText.Create $""..."" UTF-8'",Job-VLEEEE,False,False,Default,0.1,Default,Default,Default,0000000000000000,Empty,RyuJit,Default,Arm64,8c5e7fda-e8bf-4a96-9a85-a6e23a8c635c,.NET 10.0,False,True,False,True,Default,Default,False,False,False,Default,Default,Default,Default,Default,InProcessEmitToolchain,Default,Default,Default,150ms,Default,30,Default,Default,Default,Default,Default,16,Default,2 parts,1024,Mixed,69.860 ns,0.8952 ns,0.8374 ns,0.47,0.01,0.0000,0.0000,0 B,0.00
"'LinkedTextUtf8 $""...""'",Job-VLEEEE,False,False,Default,0.1,Default,Default,Default,0000000000000000,Empty,RyuJit,Default,Arm64,8c5e7fda-e8bf-4a96-9a85-a6e23a8c635c,.NET 10.0,False,True,False,True,Default,Default,False,False,False,Default,Default,Default,Default,Default,InProcessEmitToolchain,Default,Default,Default,150ms,Default,30,Default,Default,Default,Default,Default,16,Default,2 parts,1024,Mixed,11.836 ns,0.2004 ns,0.1776 ns,0.08,0.00,0.0219,0.0000,184 B,0.04
"'OwnedLinkedTextUtf8 $""...""'",Job-VLEEEE,False,False,Default,0.1,Default,Default,Default,0000000000000000,Empty,RyuJit,Default,Arm64,8c5e7fda-e8bf-4a96-9a85-a6e23a8c635c,.NET 10.0,False,True,False,True,Default,Default,False,False,False,Default,Default,Default,Default,Default,InProcessEmitToolchain,Default,Default,Default,150ms,Default,30,Default,Default,Default,Default,Default,16,Default,2 parts,1024,Mixed,21.108 ns,0.4350 ns,0.4069 ns,0.14,0.00,0.0000,0.0000,0 B,0.00
"'string $""...""'",Job-VLEEEE,False,False,Default,0.1,Default,Default,Default,0000000000000000,Empty,RyuJit,Default,Arm64,8c5e7fda-e8bf-4a96-9a85-a6e23a8c635c,.NET 10.0,False,True,False,True,Default,Default,False,False,False,Default,Default,Default,Default,Default,InProcessEmitToolchain,Default,Default,Default,150ms,Default,30,Default,Default,Default,Default,Default,16,Default,4 parts,1,Ascii,9.635 ns,0.0807 ns,0.0674 ns,1.00,0.01,0.0038,0.0000,32 B,1.00
"'Text.Create $""..."" UTF-8'",Job-VLEEEE,False,False,Default,0.1,Default,Default,Default,0000000000000000,Empty,RyuJit,Default,Arm64,8c5e7fda-e8bf-4a96-9a85-a6e23a8c635c,.NET 10.0,False,True,False,True,Default,Default,False,False,False,Default,Default,Default,Default,Default,InProcessEmitToolchain,Default,Default,Default,150ms,Default,30,Default,Default,Default,Default,Default,16,Default,4 parts,1,Ascii,28.389 ns,0.1460 ns,0.1219 ns,2.95,0.02,0.0038,0.0000,32 B,1.00
"'OwnedText.Create $""..."" UTF-8'",Job-VLEEEE,False,False,Default,0.1,Default,Default,Default,0000000000000000,Empty,RyuJit,Default,Arm64,8c5e7fda-e8bf-4a96-9a85-a6e23a8c635c,.NET 10.0,False,True,False,True,Default,Default,False,False,False,Default,Default,Default,Default,Default,InProcessEmitToolchain,Default,Default,Default,150ms,Default,30,Default,Default,Default,Default,Default,16,Default,4 parts,1,Ascii,26.106 ns,0.2186 ns,0.1938 ns,2.71,0.03,0.0000,0.0000,0 B,0.00
"'LinkedTextUtf8 $""...""'",Job-VLEEEE,False,False,Default,0.1,Default,Default,Default,0000000000000000,Empty,RyuJit,Default,Arm64,8c5e7fda-e8bf-4a96-9a85-a6e23a8c635c,.NET 10.0,False,True,False,True,Default,Default,False,False,False,Default,Default,Default,Default,Default,InProcessEmitToolchain,Default,Default,Default,150ms,Default,30,Default,Default,Default,Default,Default,16,Default,4 parts,1,Ascii,30.951 ns,0.4816 ns,0.4505 ns,3.21,0.05,0.0707,0.0000,592 B,18.50
"'OwnedLinkedTextUtf8 $""...""'",Job-VLEEEE,False,False,Default,0.1,Default,Default,Default,0000000000000000,Empty,RyuJit,Default,Arm64,8c5e7fda-e8bf-4a96-9a85-a6e23a8c635c,.NET 10.0,False,True,False,True,Default,Default,False,False,False,Default,Default,Default,Default,Default,InProcessEmitToolchain,Default,Default,Default,150ms,Default,30,Default,Default,Default,Default,Default,16,Default,4 parts,1,Ascii,40.407 ns,0.4185 ns,0.3494 ns,4.19,0.04,0.0000,0.0000,0 B,0.00
"'string $""...""'",Job-VLEEEE,False,False,Default,0.1,Default,Default,Default,0000000000000000,Empty,RyuJit,Default,Arm64,8c5e7fda-e8bf-4a96-9a85-a6e23a8c635c,.NET 10.0,False,True,False,True,Default,Default,False,False,False,Default,Default,Default,Default,Default,InProcessEmitToolchain,Default,Default,Default,150ms,Default,30,Default,Default,Default,Default,Default,16,Default,4 parts,1,Cjk,9.985 ns,0.1621 ns,0.1516 ns,1.00,0.02,0.0038,0.0000,32 B,1.00
"'Text.Create $""..."" UTF-8'",Job-VLEEEE,False,False,Default,0.1,Default,Default,Default,0000000000000000,Empty,RyuJit,Default,Arm64,8c5e7fda-e8bf-4a96-9a85-a6e23a8c635c,.NET 10.0,False,True,False,True,Default,Default,False,False,False,Default,Default,Default,Default,Default,InProcessEmitToolchain,Default,Default,Default,150ms,Default,30,Default,Default,Default,Default,Default,16,Default,4 parts,1,Cjk,29.339 ns,0.1636 ns,0.1366 ns,2.94,0.05,0.0047,0.0000,40 B,1.25
"'OwnedText.Create $""..."" UTF-8'",Job-VLEEEE,False,False,Default,0.1,Default,Default,Default,0000000000000000,Empty,RyuJit,Default,Arm64,8c5e7fda-e8bf-4a96-9a85-a6e23a8c635c,.NET 10.0,False,True,False,True,Default,Default,False,False,False,Default,Default,Default,Default,Default,InProcessEmitToolchain,Default,Default,Default,150ms,Default,30,Default,Default,Default,Default,Default,16,Default,4 parts,1,Cjk,27.500 ns,0.2663 ns,0.2224 ns,2.75,0.05,0.0000,0.0000,0 B,0.00
"'LinkedTextUtf8 $""...""'",Job-VLEEEE,False,False,Default,0.1,Default,Default,Default,0000000000000000,Empty,RyuJit,Default,Arm64,8c5e7fda-e8bf-4a96-9a85-a6e23a8c635c,.NET 10.0,False,True,False,True,Default,Default,False,False,False,Default,Default,Default,Default,Default,InProcessEmitToolchain,Default,Default,Default,150ms,Default,30,Default,Default,Default,Default,Default,16,Default,4 parts,1,Cjk,31.191 ns,0.4494 ns,0.4204 ns,3.12,0.06,0.0706,0.0000,592 B,18.50
"'OwnedLinkedTextUtf8 $""...""'",Job-VLEEEE,False,False,Default,0.1,Default,Default,Default,0000000000000000,Empty,RyuJit,Default,Arm64,8c5e7fda-e8bf-4a96-9a85-a6e23a8c635c,.NET 10.0,False,True,False,True,Default,Default,False,False,False,Default,Default,Default,Default,Default,InProcessEmitToolchain,Default,Default,Default,150ms,Default,30,Default,Default,Default,Default,Default,16,Default,4 parts,1,Cjk,40.844 ns,0.5696 ns,0.5049 ns,4.09,0.08,0.0000,0.0000,0 B,0.00
"'string $""...""'",Job-VLEEEE,False,False,Default,0.1,Default,Default,Default,0000000000000000,Empty,RyuJit,Default,Arm64,8c5e7fda-e8bf-4a96-9a85-a6e23a8c635c,.NET 10.0,False,True,False,True,Default,Default,False,False,False,Default,Default,Default,Default,Default,InProcessEmitToolchain,Default,Default,Default,150ms,Default,30,Default,Default,Default,Default,Default,16,Default,4 parts,1,Emoji,9.756 ns,0.1420 ns,0.1258 ns,1.00,0.02,0.0038,0.0000,32 B,1.00
"'Text.Create $""..."" UTF-8'",Job-VLEEEE,False,False,Default,0.1,Default,Default,Default,0000000000000000,Empty,RyuJit,Default,Arm64,8c5e7fda-e8bf-4a96-9a85-a6e23a8c635c,.NET 10.0,False,True,False,True,Default,Default,False,False,False,Default,Default,Default,Default,Default,InProcessEmitToolchain,Default,Default,Default,150ms,Default,30,Default,Default,Default,Default,Default,16,Default,4 parts,1,Emoji,29.452 ns,0.2684 ns,0.2510 ns,3.02,0.04,0.0047,0.0000,40 B,1.25
"'OwnedText.Create $""..."" UTF-8'",Job-VLEEEE,False,False,Default,0.1,Default,Default,Default,0000000000000000,Empty,RyuJit,Default,Arm64,8c5e7fda-e8bf-4a96-9a85-a6e23a8c635c,.NET 10.0,False,True,False,True,Default,Default,False,False,False,Default,Default,Default,Default,Default,InProcessEmitToolchain,Default,Default,Default,150ms,Default,30,Default,Default,Default,Default,Default,16,Default,4 parts,1,Emoji,27.118 ns,0.2579 ns,0.2287 ns,2.78,0.04,0.0000,0.0000,0 B,0.00
"'LinkedTextUtf8 $""...""'",Job-VLEEEE,False,False,Default,0.1,Default,Default,Default,0000000000000000,Empty,RyuJit,Default,Arm64,8c5e7fda-e8bf-4a96-9a85-a6e23a8c635c,.NET 10.0,False,True,False,True,Default,Default,False,False,False,Default,Default,Default,Default,Default,InProcessEmitToolchain,Default,Default,Default,150ms,Default,30,Default,Default,Default,Default,Default,16,Default,4 parts,1,Emoji,31.254 ns,0.8076 ns,0.6744 ns,3.20,0.08,0.0708,0.0000,592 B,18.50
"'OwnedLinkedTextUtf8 $""...""'",Job-VLEEEE,False,False,Default,0.1,Default,Default,Default,0000000000000000,Empty,RyuJit,Default,Arm64,8c5e7fda-e8bf-4a96-9a85-a6e23a8c635c,.NET 10.0,False,True,False,True,Default,Default,False,False,False,Default,Default,Default,Default,Default,InProcessEmitToolchain,Default,Default,Default,150ms,Default,30,Default,Default,Default,Default,Default,16,Default,4 parts,1,Emoji,40.428 ns,0.4602 ns,0.4305 ns,4.14,0.07,0.0000,0.0000,0 B,0.00
"'string $""...""'",Job-VLEEEE,False,False,Default,0.1,Default,Default,Default,0000000000000000,Empty,RyuJit,Default,Arm64,8c5e7fda-e8bf-4a96-9a85-a6e23a8c635c,.NET 10.0,False,True,False,True,Default,Default,False,False,False,Default,Default,Default,Default,Default,InProcessEmitToolchain,Default,Default,Default,150ms,Default,30,Default,Default,Default,Default,Default,16,Default,4 parts,1,Mixed,9.658 ns,0.0695 ns,0.0580 ns,1.00,0.01,0.0038,0.0000,32 B,1.00
"'Text.Create $""..."" UTF-8'",Job-VLEEEE,False,False,Default,0.1,Default,Default,Default,0000000000000000,Empty,RyuJit,Default,Arm64,8c5e7fda-e8bf-4a96-9a85-a6e23a8c635c,.NET 10.0,False,True,False,True,Default,Default,False,False,False,Default,Default,Default,Default,Default,InProcessEmitToolchain,Default,Default,Default,150ms,Default,30,Default,Default,Default,Default,Default,16,Default,4 parts,1,Mixed,28.484 ns,0.2413 ns,0.2139 ns,2.95,0.03,0.0038,0.0000,32 B,1.00
"'OwnedText.Create $""..."" UTF-8'",Job-VLEEEE,False,False,Default,0.1,Default,Default,Default,0000000000000000,Empty,RyuJit,Default,Arm64,8c5e7fda-e8bf-4a96-9a85-a6e23a8c635c,.NET 10.0,False,True,False,True,Default,Default,False,False,False,Default,Default,Default,Default,Default,InProcessEmitToolchain,Default,Default,Default,150ms,Default,30,Default,Default,Default,Default,Default,16,Default,4 parts,1,Mixed,26.733 ns,0.1514 ns,0.1342 ns,2.77,0.02,0.0000,0.0000,0 B,0.00
"'LinkedTextUtf8 $""...""'",Job-VLEEEE,False,False,Default,0.1,Default,Default,Default,0000000000000000,Empty,RyuJit,Default,Arm64,8c5e7fda-e8bf-4a96-9a85-a6e23a8c635c,.NET 10.0,False,True,False,True,Default,Default,False,False,False,Default,Default,Default,Default,Default,InProcessEmitToolchain,Default,Default,Default,150ms,Default,30,Default,Default,Default,Default,Default,16,Default,4 parts,1,Mixed,31.063 ns,0.3618 ns,0.3384 ns,3.22,0.04,0.0707,0.0000,592 B,18.50
"'OwnedLinkedTextUtf8 $""...""'",Job-VLEEEE,False,False,Default,0.1,Default,Default,Default,0000000000000000,Empty,RyuJit,Default,Arm64,8c5e7fda-e8bf-4a96-9a85-a6e23a8c635c,.NET 10.0,False,True,False,True,Default,Default,False,False,False,Default,Default,Default,Default,Default,InProcessEmitToolchain,Default,Default,Default,150ms,Default,30,Default,Default,Default,Default,Default,16,Default,4 parts,1,Mixed,40.532 ns,0.4737 ns,0.4431 ns,4.20,0.05,0.0000,0.0000,0 B,0.00
"'string $""...""'",Job-VLEEEE,False,False,Default,0.1,Default,Default,Default,0000000000000000,Empty,RyuJit,Default,Arm64,8c5e7fda-e8bf-4a96-9a85-a6e23a8c635c,.NET 10.0,False,True,False,True,Default,Default,False,False,False,Default,Default,Default,Default,Default,InProcessEmitToolchain,Default,Default,Default,150ms,Default,30,Default,Default,Default,Default,Default,16,Default,4 parts,64,Ascii,25.811 ns,0.4410 ns,0.3909 ns,1.00,0.02,0.0641,0.0000,536 B,1.00
"'Text.Create $""..."" UTF-8'",Job-VLEEEE,False,False,Default,0.1,Default,Default,Default,0000000000000000,Empty,RyuJit,Default,Arm64,8c5e7fda-e8bf-4a96-9a85-a6e23a8c635c,.NET 10.0,False,True,False,True,Default,Default,False,False,False,Default,Default,Default,Default,Default,InProcessEmitToolchain,Default,Default,Default,150ms,Default,30,Default,Default,Default,Default,Default,16,Default,4 parts,64,Ascii,55.674 ns,0.2898 ns,0.2420 ns,2.16,0.03,0.0331,0.0000,280 B,0.52
"'OwnedText.Create $""..."" UTF-8'",Job-VLEEEE,False,False,Default,0.1,Default,Default,Default,0000000000000000,Empty,RyuJit,Default,Arm64,8c5e7fda-e8bf-4a96-9a85-a6e23a8c635c,.NET 10.0,False,True,False,True,Default,Default,False,False,False,Default,Default,Default,Default,Default,InProcessEmitToolchain,Default,Default,Default,150ms,Default,30,Default,Default,Default,Default,Default,16,Default,4 parts,64,Ascii,57.387 ns,0.4825 ns,0.4277 ns,2.22,0.04,0.0000,0.0000,0 B,0.00
"'LinkedTextUtf8 $""...""'",Job-VLEEEE,False,False,Default,0.1,Default,Default,Default,0000000000000000,Empty,RyuJit,Default,Arm64,8c5e7fda-e8bf-4a96-9a85-a6e23a8c635c,.NET 10.0,False,True,False,True,Default,Default,False,False,False,Default,Default,Default,Default,Default,InProcessEmitToolchain,Default,Default,Default,150ms,Default,30,Default,Default,Default,Default,Default,16,Default,4 parts,64,Ascii,31.090 ns,0.4671 ns,0.4369 ns,1.20,0.02,0.0707,0.0000,592 B,1.10
"'OwnedLinkedTextUtf8 $""...""'",Job-VLEEEE,False,False,Default,0.1,Default,Default,Default,0000000000000000,Empty,RyuJit,Default,Arm64,8c5e7fda-e8bf-4a96-9a85-a6e23a8c635c,.NET 10.0,False,True,False,True,Default,Default,False,False,False,Default,Default,Default,Default,Default,InProcessEmitToolchain,Default,Default,Default,150ms,Default,30,Default,Default,Default,Default,Default,16,Default,4 parts,64,Ascii,40.382 ns,0.3607 ns,0.3198 ns,1.56,0.03,0.0000,0.0000,0 B,0.00
"'string $""...""'",Job-VLEEEE,False,False,Default,0.1,Default,Default,Default,0000000000000000,Empty,RyuJit,Default,Arm64,8c5e7fda-e8bf-4a96-9a85-a6e23a8c635c,.NET 10.0,False,True,False,True,Default,Default,False,False,False,Default,Default,Default,Default,Default,InProcessEmitToolchain,Default,Default,Default,150ms,Default,30,Default,Default,Default,Default,Default,16,Default,4 parts,64,Cjk,25.282 ns,0.2234 ns,0.1865 ns,1.00,0.01,0.0640,0.0000,536 B,1.00
"'Text.Create $""..."" UTF-8'",Job-VLEEEE,False,False,Default,0.1,Default,Default,Default,0000000000000000,Empty,RyuJit,Default,Arm64,8c5e7fda-e8bf-4a96-9a85-a6e23a8c635c,.NET 10.0,False,True,False,True,Default,Default,False,False,False,Default,Default,Default,Default,Default,InProcessEmitToolchain,Default,Default,Default,150ms,Default,30,Default,Default,Default,Default,Default,16,Default,4 parts,64,Cjk,92.829 ns,1.0199 ns,0.9540 ns,3.67,0.04,0.0941,0.0000,792 B,1.48
"'OwnedText.Create $""..."" UTF-8'",Job-VLEEEE,False,False,Default,0.1,Default,Default,Default,0000000000000000,Empty,RyuJit,Default,Arm64,8c5e7fda-e8bf-4a96-9a85-a6e23a8c635c,.NET 10.0,False,True,False,True,Default,Default,False,False,False,Default,Default,Default,Default,Default,InProcessEmitToolchain,Default,Default,Default,150ms,Default,30,Default,Default,Default,Default,Default,16,Default,4 parts,64,Cjk,56.301 ns,0.1757 ns,0.1467 ns,2.23,0.02,0.0000,0.0000,0 B,0.00
"'LinkedTextUtf8 $""...""'",Job-VLEEEE,False,False,Default,0.1,Default,Default,Default,0000000000000000,Empty,RyuJit,Default,Arm64,8c5e7fda-e8bf-4a96-9a85-a6e23a8c635c,.NET 10.0,False,True,False,True,Default,Default,False,False,False,Default,Default,Default,Default,Default,InProcessEmitToolchain,Default,Default,Default,150ms,Default,30,Default,Default,Default,Default,Default,16,Default,4 parts,64,Cjk,31.229 ns,0.7018 ns,0.6221 ns,1.24,0.03,0.0707,0.0000,592 B,1.10
"'OwnedLinkedTextUtf8 $""...""'",Job-VLEEEE,False,False,Default,0.1,Default,Default,Default,0000000000000000,Empty,RyuJit,Default,Arm64,8c5e7fda-e8bf-4a96-9a85-a6e23a8c635c,.NET 10.0,False,True,False,True,Default,Default,False,False,False,Default,Default,Default,Default,Default,InProcessEmitToolchain,Default,Default,Default,150ms,Default,30,Default,Default,Default,Default,Default,16,Default,4 parts,64,Cjk,40.264 ns,0.4625 ns,0.4326 ns,1.59,0.02,0.0000,0.0000,0 B,0.00
"'string $""...""'",Job-VLEEEE,False,False,Default,0.1,Default,Default,Default,0000000000000000,Empty,RyuJit,Default,Arm64,8c5e7fda-e8bf-4a96-9a85-a6e23a8c635c,.NET 10.0,False,True,False,True,Default,Default,False,False,False,Default,Default,Default,Default,Default,InProcessEmitToolchain,Default,Default,Default,150ms,Default,30,Default,Default,Default,Default,Default,16,Default,4 parts,64,Emoji,25.611 ns,0.1362 ns,0.1137 ns,1.00,0.01,0.0640,0.0000,536 B,1.00
"'Text.Create $""..."" UTF-8'",Job-VLEEEE,False,False,Default,0.1,Default,Default,Default,0000000000000000,Empty,RyuJit,Default,Arm64,8c5e7fda-e8bf-4a96-9a85-a6e23a8c635c,.NET 10.0,False,True,False,True,Default,Default,False,False,False,Default,Default,Default,Default,Default,InProcessEmitToolchain,Default,Default,Default,150ms,Default,30,Default,Default,Default,Default,Default,16,Default,4 parts,64,Emoji,76.014 ns,0.3671 ns,0.2866 ns,2.97,0.02,0.0639,0.0000,536 B,1.00
"'OwnedText.Create $""..."" UTF-8'",Job-VLEEEE,False,False,Default,0.1,Default,Default,Default,0000000000000000,Empty,RyuJit,Default,Arm64,8c5e7fda-e8bf-4a96-9a85-a6e23a8c635c,.NET 10.0,False,True,False,True,Default,Default,False,False,False,Default,Default,Default,Default,Default,InProcessEmitToolchain,Default,Default,Default,150ms,Default,30,Default,Default,Default,Default,Default,16,Default,4 parts,64,Emoji,51.487 ns,0.3785 ns,0.3355 ns,2.01,0.02,0.0000,0.0000,0 B,0.00
"'LinkedTextUtf8 $""...""'",Job-VLEEEE,False,False,Default,0.1,Default,Default,Default,0000000000000000,Empty,RyuJit,Default,Arm64,8c5e7fda-e8bf-4a96-9a85-a6e23a8c635c,.NET 10.0,False,True,False,True,Default,Default,False,False,False,Default,Default,Default,Default,Default,InProcessEmitToolchain,Default,Default,Default,150ms,Default,30,Default,Default,Default,Default,Default,16,Default,4 parts,64,Emoji,30.988 ns,0.6292 ns,0.5578 ns,1.21,0.02,0.0706,0.0000,592 B,1.10
"'OwnedLinkedTextUtf8 $""...""'",Job-VLEEEE,False,False,Default,0.1,Default,Default,Default,0000000000000000,Empty,RyuJit,Default,Arm64,8c5e7fda-e8bf-4a96-9a85-a6e23a8c635c,.NET 10.0,False,True,False,True,Default,Default,False,False,False,Default,Default,Default,Default,Default,InProcessEmitToolchain,Default,Default,Default,150ms,Default,30,Default,Default,Default,Default,Default,16,Default,4 parts,64,Emoji,40.339 ns,0.3505 ns,0.3107 ns,1.58,0.01,0.0000,0.0000,0 B,0.00
"'string $""...""'",Job-VLEEEE,False,False,Default,0.1,Default,Default,Default,0000000000000000,Empty,RyuJit,Default,Arm64,8c5e7fda-e8bf-4a96-9a85-a6e23a8c635c,.NET 10.0,False,True,False,True,Default,Default,False,False,False,Default,Default,Default,Default,Default,InProcessEmitToolchain,Default,Default,Default,150ms,Default,30,Default,Default,Default,Default,Default,16,Default,4 parts,64,Mixed,26.252 ns,0.5920 ns,0.5537 ns,1.00,0.03,0.0639,0.0000,536 B,1.00
"'Text.Create $""..."" UTF-8'",Job-VLEEEE,False,False,Default,0.1,Default,Default,Default,0000000000000000,Empty,RyuJit,Default,Arm64,8c5e7fda-e8bf-4a96-9a85-a6e23a8c635c,.NET 10.0,False,True,False,True,Default,Default,False,False,False,Default,Default,Default,Default,Default,InProcessEmitToolchain,Default,Default,Default,150ms,Default,30,Default,Default,Default,Default,Default,16,Default,4 parts,64,Mixed,67.686 ns,0.5831 ns,0.5454 ns,2.58,0.06,0.0426,0.0000,360 B,0.67
"'OwnedText.Create $""..."" UTF-8'",Job-VLEEEE,False,False,Default,0.1,Default,Default,Default,0000000000000000,Empty,RyuJit,Default,Arm64,8c5e7fda-e8bf-4a96-9a85-a6e23a8c635c,.NET 10.0,False,True,False,True,Default,Default,False,False,False,Default,Default,Default,Default,Default,InProcessEmitToolchain,Default,Default,Default,150ms,Default,30,Default,Default,Default,Default,Default,16,Default,4 parts,64,Mixed,48.938 ns,0.2690 ns,0.2516 ns,1.86,0.04,0.0000,0.0000,0 B,0.00
"'LinkedTextUtf8 $""...""'",Job-VLEEEE,False,False,Default,0.1,Default,Default,Default,0000000000000000,Empty,RyuJit,Default,Arm64,8c5e7fda-e8bf-4a96-9a85-a6e23a8c635c,.NET 10.0,False,True,False,True,Default,Default,False,False,False,Default,Default,Default,Default,Default,InProcessEmitToolchain,Default,Default,Default,150ms,Default,30,Default,Default,Default,Default,Default,16,Default,4 parts,64,Mixed,30.970 ns,0.4667 ns,0.4137 ns,1.18,0.03,0.0706,0.0000,592 B,1.10
"'OwnedLinkedTextUtf8 $""...""'",Job-VLEEEE,False,False,Default,0.1,Default,Default,Default,0000000000000000,Empty,RyuJit,Default,Arm64,8c5e7fda-e8bf-4a96-9a85-a6e23a8c635c,.NET 10.0,False,True,False,True,Default,Default,False,False,False,Default,Default,Default,Default,Default,InProcessEmitToolchain,Default,Default,Default,150ms,Default,30,Default,Default,Default,Default,Default,16,Default,4 parts,64,Mixed,40.306 ns,0.3325 ns,0.2596 ns,1.54,0.03,0.0000,0.0000,0 B,0.00
"'string $""...""'",Job-VLEEEE,False,False,Default,0.1,Default,Default,Default,0000000000000000,Empty,RyuJit,Default,Arm64,8c5e7fda-e8bf-4a96-9a85-a6e23a8c635c,.NET 10.0,False,True,False,True,Default,Default,False,False,False,Default,Default,Default,Default,Default,InProcessEmitToolchain,Default,Default,Default,150ms,Default,30,Default,Default,Default,Default,Default,16,Default,4 parts,1024,Ascii,296.308 ns,4.6710 ns,4.1408 ns,1.00,0.02,0.9801,0.0000,8216 B,1.00
"'Text.Create $""..."" UTF-8'",Job-VLEEEE,False,False,Default,0.1,Default,Default,Default,0000000000000000,Empty,RyuJit,Default,Arm64,8c5e7fda-e8bf-4a96-9a85-a6e23a8c635c,.NET 10.0,False,True,False,True,Default,Default,False,False,False,Default,Default,Default,Default,Default,InProcessEmitToolchain,Default,Default,Default,150ms,Default,30,Default,Default,Default,Default,Default,16,Default,4 parts,1024,Ascii,275.803 ns,2.3088 ns,1.9280 ns,0.93,0.01,0.4905,0.0074,4120 B,0.50
"'OwnedText.Create $""..."" UTF-8'",Job-VLEEEE,False,False,Default,0.1,Default,Default,Default,0000000000000000,Empty,RyuJit,Default,Arm64,8c5e7fda-e8bf-4a96-9a85-a6e23a8c635c,.NET 10.0,False,True,False,True,Default,Default,False,False,False,Default,Default,Default,Default,Default,InProcessEmitToolchain,Default,Default,Default,150ms,Default,30,Default,Default,Default,Default,Default,16,Default,4 parts,1024,Ascii,115.117 ns,1.0506 ns,0.8773 ns,0.39,0.01,0.0000,0.0000,0 B,0.00
"'LinkedTextUtf8 $""...""'",Job-VLEEEE,False,False,Default,0.1,Default,Default,Default,0000000000000000,Empty,RyuJit,Default,Arm64,8c5e7fda-e8bf-4a96-9a85-a6e23a8c635c,.NET 10.0,False,True,False,True,Default,Default,False,False,False,Default,Default,Default,Default,Default,InProcessEmitToolchain,Default,Default,Default,150ms,Default,30,Default,Default,Default,Default,Default,16,Default,4 parts,1024,Ascii,31.104 ns,0.5307 ns,0.4705 ns,0.10,0.00,0.0708,0.0000,592 B,0.07
"'OwnedLinkedTextUtf8 $""...""'",Job-VLEEEE,False,False,Default,0.1,Default,Default,Default,0000000000000000,Empty,RyuJit,Default,Arm64,8c5e7fda-e8bf-4a96-9a85-a6e23a8c635c,.NET 10.0,False,True,False,True,Default,Default,False,False,False,Default,Default,Default,Default,Default,InProcessEmitToolchain,Default,Default,Default,150ms,Default,30,Default,Default,Default,Default,Default,16,Default,4 parts,1024,Ascii,40.130 ns,0.3293 ns,0.2749 ns,0.14,0.00,0.0000,0.0000,0 B,0.00
"'string $""...""'",Job-VLEEEE,False,False,Default,0.1,Default,Default,Default,0000000000000000,Empty,RyuJit,Default,Arm64,8c5e7fda-e8bf-4a96-9a85-a6e23a8c635c,.NET 10.0,False,True,False,True,Default,Default,False,False,False,Default,Default,Default,Default,Default,InProcessEmitToolchain,Default,Default,Default,150ms,Default,30,Default,Default,Default,Default,Default,16,Default,4 parts,1024,Cjk,294.360 ns,4.4586 ns,4.1706 ns,1.00,0.02,0.9800,0.0000,8216 B,1.00
"'Text.Create $""..."" UTF-8'",Job-VLEEEE,False,False,Default,0.1,Default,Default,Default,0000000000000000,Empty,RyuJit,Default,Arm64,8c5e7fda-e8bf-4a96-9a85-a6e23a8c635c,.NET 10.0,False,True,False,True,Default,Default,False,False,False,Default,Default,Default,Default,Default,InProcessEmitToolchain,Default,Default,Default,150ms,Default,30,Default,Default,Default,Default,Default,16,Default,4 parts,1024,Cjk,684.299 ns,22.4235 ns,19.8778 ns,2.33,0.07,1.4662,0.0599,12312 B,1.50
"'OwnedText.Create $""..."" UTF-8'",Job-VLEEEE,False,False,Default,0.1,Default,Default,Default,0000000000000000,Empty,RyuJit,Default,Arm64,8c5e7fda-e8bf-4a96-9a85-a6e23a8c635c,.NET 10.0,False,True,False,True,Default,Default,False,False,False,Default,Default,Default,Default,Default,InProcessEmitToolchain,Default,Default,Default,150ms,Default,30,Default,Default,Default,Default,Default,16,Default,4 parts,1024,Cjk,285.087 ns,8.2711 ns,7.3321 ns,0.97,0.03,0.0000,0.0000,0 B,0.00
"'LinkedTextUtf8 $""...""'",Job-VLEEEE,False,False,Default,0.1,Default,Default,Default,0000000000000000,Empty,RyuJit,Default,Arm64,8c5e7fda-e8bf-4a96-9a85-a6e23a8c635c,.NET 10.0,False,True,False,True,Default,Default,False,False,False,Default,Default,Default,Default,Default,InProcessEmitToolchain,Default,Default,Default,150ms,Default,30,Default,Default,Default,Default,Default,16,Default,4 parts,1024,Cjk,31.196 ns,0.4079 ns,0.3406 ns,0.11,0.00,0.0706,0.0000,592 B,0.07
"'OwnedLinkedTextUtf8 $""...""'",Job-VLEEEE,False,False,Default,0.1,Default,Default,Default,0000000000000000,Empty,RyuJit,Default,Arm64,8c5e7fda-e8bf-4a96-9a85-a6e23a8c635c,.NET 10.0,False,True,False,True,Default,Default,False,False,False,Default,Default,Default,Default,Default,InProcessEmitToolchain,Default,Default,Default,150ms,Default,30,Default,Default,Default,Default,Default,16,Default,4 parts,1024,Cjk,40.442 ns,0.4296 ns,0.4019 ns,0.14,0.00,0.0000,0.0000,0 B,0.00
"'string $""...""'",Job-VLEEEE,False,False,Default,0.1,Default,Default,Default,0000000000000000,Empty,RyuJit,Default,Arm64,8c5e7fda-e8bf-4a96-9a85-a6e23a8c635c,.NET 10.0,False,True,False,True,Default,Default,False,False,False,Default,Default,Default,Default,Default,InProcessEmitToolchain,Default,Default,Default,150ms,Default,30,Default,Default,Default,Default,Default,16,Default,4 parts,1024,Emoji,301.935 ns,7.7212 ns,7.2224 ns,1.00,0.03,0.9809,0.0000,8216 B,1.00
"'Text.Create $""..."" UTF-8'",Job-VLEEEE,False,False,Default,0.1,Default,Default,Default,0000000000000000,Empty,RyuJit,Default,Arm64,8c5e7fda-e8bf-4a96-9a85-a6e23a8c635c,.NET 10.0,False,True,False,True,Default,Default,False,False,False,Default,Default,Default,Default,Default,InProcessEmitToolchain,Default,Default,Default,150ms,Default,30,Default,Default,Default,Default,Default,16,Default,4 parts,1024,Emoji,503.282 ns,8.6152 ns,7.6371 ns,1.67,0.05,0.9802,0.0272,8216 B,1.00
"'OwnedText.Create $""..."" UTF-8'",Job-VLEEEE,False,False,Default,0.1,Default,Default,Default,0000000000000000,Empty,RyuJit,Default,Arm64,8c5e7fda-e8bf-4a96-9a85-a6e23a8c635c,.NET 10.0,False,True,False,True,Default,Default,False,False,False,Default,Default,Default,Default,Default,InProcessEmitToolchain,Default,Default,Default,150ms,Default,30,Default,Default,Default,Default,Default,16,Default,4 parts,1024,Emoji,186.471 ns,5.7754 ns,5.4023 ns,0.62,0.02,0.0000,0.0000,0 B,0.00
"'LinkedTextUtf8 $""...""'",Job-VLEEEE,False,False,Default,0.1,Default,Default,Default,0000000000000000,Empty,RyuJit,Default,Arm64,8c5e7fda-e8bf-4a96-9a85-a6e23a8c635c,.NET 10.0,False,True,False,True,Default,Default,False,False,False,Default,Default,Default,Default,Default,InProcessEmitToolchain,Default,Default,Default,150ms,Default,30,Default,Default,Default,Default,Default,16,Default,4 parts,1024,Emoji,31.331 ns,0.2297 ns,0.1794 ns,0.10,0.00,0.0707,0.0000,592 B,0.07
"'OwnedLinkedTextUtf8 $""...""'",Job-VLEEEE,False,False,Default,0.1,Default,Default,Default,0000000000000000,Empty,RyuJit,Default,Arm64,8c5e7fda-e8bf-4a96-9a85-a6e23a8c635c,.NET 10.0,False,True,False,True,Default,Default,False,False,False,Default,Default,Default,Default,Default,InProcessEmitToolchain,Default,Default,Default,150ms,Default,30,Default,Default,Default,Default,Default,16,Default,4 parts,1024,Emoji,40.543 ns,0.3490 ns,0.3093 ns,0.13,0.00,0.0000,0.0000,0 B,0.00
"'string $""...""'",Job-VLEEEE,False,False,Default,0.1,Default,Default,Default,0000000000000000,Empty,RyuJit,Default,Arm64,8c5e7fda-e8bf-4a96-9a85-a6e23a8c635c,.NET 10.0,False,True,False,True,Default,Default,False,False,False,Default,Default,Default,Default,Default,InProcessEmitToolchain,Default,Default,Default,150ms,Default,30,Default,Default,Default,Default,Default,16,Default,4 parts,1024,Mixed,294.446 ns,2.6150 ns,2.0417 ns,1.00,0.01,0.9795,0.0000,8216 B,1.00
"'Text.Create $""..."" UTF-8'",Job-VLEEEE,False,False,Default,0.1,Default,Default,Default,0000000000000000,Empty,RyuJit,Default,Arm64,8c5e7fda-e8bf-4a96-9a85-a6e23a8c635c,.NET 10.0,False,True,False,True,Default,Default,False,False,False,Default,Default,Default,Default,Default,InProcessEmitToolchain,Default,Default,Default,150ms,Default,30,Default,Default,Default,Default,Default,16,Default,4 parts,1024,Mixed,365.825 ns,14.5750 ns,12.9203 ns,1.24,0.04,0.6393,0.0118,5368 B,0.65
"'OwnedText.Create $""..."" UTF-8'",Job-VLEEEE,False,False,Default,0.1,Default,Default,Default,0000000000000000,Empty,RyuJit,Default,Arm64,8c5e7fda-e8bf-4a96-9a85-a6e23a8c635c,.NET 10.0,False,True,False,True,Default,Default,False,False,False,Default,Default,Default,Default,Default,InProcessEmitToolchain,Default,Default,Default,150ms,Default,30,Default,Default,Default,Default,Default,16,Default,4 parts,1024,Mixed,154.518 ns,7.0208 ns,6.5672 ns,0.52,0.02,0.0000,0.0000,0 B,0.00
"'LinkedTextUtf8 $""...""'",Job-VLEEEE,False,False,Default,0.1,Default,Default,Default,0000000000000000,Empty,RyuJit,Default,Arm64,8c5e7fda-e8bf-4a96-9a85-a6e23a8c635c,.NET 10.0,False,True,False,True,Default,Default,False,False,False,Default,Default,Default,Default,Default,InProcessEmitToolchain,Default,Default,Default,150ms,Default,30,Default,Default,Default,Default,Default,16,Default,4 parts,1024,Mixed,31.240 ns,0.4721 ns,0.3942 ns,0.11,0.00,0.0707,0.0000,592 B,0.07
"'OwnedLinkedTextUtf8 $""...""'",Job-VLEEEE,False,False,Default,0.1,Default,Default,Default,0000000000000000,Empty,RyuJit,Default,Arm64,8c5e7fda-e8bf-4a96-9a85-a6e23a8c635c,.NET 10.0,False,True,False,True,Default,Default,False,False,False,Default,Default,Default,Default,Default,InProcessEmitToolchain,Default,Default,Default,150ms,Default,30,Default,Default,Default,Default,Default,16,Default,4 parts,1024,Mixed,41.406 ns,0.4580 ns,0.4285 ns,0.14,0.00,0.0000,0.0000,0 B,0.00
"'string $""...""'",Job-VLEEEE,False,False,Default,0.1,Default,Default,Default,0000000000000000,Empty,RyuJit,Default,Arm64,8c5e7fda-e8bf-4a96-9a85-a6e23a8c635c,.NET 10.0,False,True,False,True,Default,Default,False,False,False,Default,Default,Default,Default,Default,InProcessEmitToolchain,Default,Default,Default,150ms,Default,30,Default,Default,Default,Default,Default,16,Default,8 parts,1,Ascii,22.750 ns,0.1015 ns,0.0847 ns,1.00,0.01,0.0047,0.0000,40 B,1.00
"'Text.Create $""..."" UTF-8'",Job-VLEEEE,False,False,Default,0.1,Default,Default,Default,0000000000000000,Empty,RyuJit,Default,Arm64,8c5e7fda-e8bf-4a96-9a85-a6e23a8c635c,.NET 10.0,False,True,False,True,Default,Default,False,False,False,Default,Default,Default,Default,Default,InProcessEmitToolchain,Default,Default,Default,150ms,Default,30,Default,Default,Default,Default,Default,16,Default,8 parts,1,Ascii,43.910 ns,0.1785 ns,0.1491 ns,1.93,0.01,0.0038,0.0000,32 B,0.80
"'OwnedText.Create $""..."" UTF-8'",Job-VLEEEE,False,False,Default,0.1,Default,Default,Default,0000000000000000,Empty,RyuJit,Default,Arm64,8c5e7fda-e8bf-4a96-9a85-a6e23a8c635c,.NET 10.0,False,True,False,True,Default,Default,False,False,False,Default,Default,Default,Default,Default,InProcessEmitToolchain,Default,Default,Default,150ms,Default,30,Default,Default,Default,Default,Default,16,Default,8 parts,1,Ascii,42.721 ns,0.3798 ns,0.3552 ns,1.88,0.02,0.0000,0.0000,0 B,0.00
"'LinkedTextUtf8 $""...""'",Job-VLEEEE,False,False,Default,0.1,Default,Default,Default,0000000000000000,Empty,RyuJit,Default,Arm64,8c5e7fda-e8bf-4a96-9a85-a6e23a8c635c,.NET 10.0,False,True,False,True,Default,Default,False,False,False,Default,Default,Default,Default,Default,InProcessEmitToolchain,Default,Default,Default,150ms,Default,30,Default,Default,Default,Default,Default,16,Default,8 parts,1,Ascii,60.984 ns,0.7855 ns,0.6964 ns,2.68,0.03,0.0705,0.0000,592 B,14.80
"'OwnedLinkedTextUtf8 $""...""'",Job-VLEEEE,False,False,Default,0.1,Default,Default,Default,0000000000000000,Empty,RyuJit,Default,Arm64,8c5e7fda-e8bf-4a96-9a85-a6e23a8c635c,.NET 10.0,False,True,False,True,Default,Default,False,False,False,Default,Default,Default,Default,Default,InProcessEmitToolchain,Default,Default,Default,150ms,Default,30,Default,Default,Default,Default,Default,16,Default,8 parts,1,Ascii,52.767 ns,0.6280 ns,0.5874 ns,2.32,0.03,0.0000,0.0000,0 B,0.00
"'string $""...""'",Job-VLEEEE,False,False,Default,0.1,Default,Default,Default,0000000000000000,Empty,RyuJit,Default,Arm64,8c5e7fda-e8bf-4a96-9a85-a6e23a8c635c,.NET 10.0,False,True,False,True,Default,Default,False,False,False,Default,Default,Default,Default,Default,InProcessEmitToolchain,Default,Default,Default,150ms,Default,30,Default,Default,Default,Default,Default,16,Default,8 parts,1,Cjk,22.893 ns,0.2114 ns,0.1978 ns,1.00,0.01,0.0047,0.0000,40 B,1.00
"'Text.Create $""..."" UTF-8'",Job-VLEEEE,False,False,Default,0.1,Default,Default,Default,0000000000000000,Empty,RyuJit,Default,Arm64,8c5e7fda-e8bf-4a96-9a85-a6e23a8c635c,.NET 10.0,False,True,False,True,Default,Default,False,False,False,Default,Default,Default,Default,Default,InProcessEmitToolchain,Default,Default,Default,150ms,Default,30,Default,Default,Default,Default,Default,16,Default,8 parts,1,Cjk,45.980 ns,0.3218 ns,0.2853 ns,2.01,0.02,0.0055,0.0000,48 B,1.20
"'OwnedText.Create $""..."" UTF-8'",Job-VLEEEE,False,False,Default,0.1,Default,Default,Default,0000000000000000,Empty,RyuJit,Default,Arm64,8c5e7fda-e8bf-4a96-9a85-a6e23a8c635c,.NET 10.0,False,True,False,True,Default,Default,False,False,False,Default,Default,Default,Default,Default,InProcessEmitToolchain,Default,Default,Default,150ms,Default,30,Default,Default,Default,Default,Default,16,Default,8 parts,1,Cjk,44.914 ns,0.5588 ns,0.5227 ns,1.96,0.03,0.0000,0.0000,0 B,0.00
"'LinkedTextUtf8 $""...""'",Job-VLEEEE,False,False,Default,0.1,Default,Default,Default,0000000000000000,Empty,RyuJit,Default,Arm64,8c5e7fda-e8bf-4a96-9a85-a6e23a8c635c,.NET 10.0,False,True,False,True,Default,Default,False,False,False,Default,Default,Default,Default,Default,InProcessEmitToolchain,Default,Default,Default,150ms,Default,30,Default,Default,Default,Default,Default,16,Default,8 parts,1,Cjk,60.920 ns,1.1383 ns,1.0647 ns,2.66,0.05,0.0704,0.0000,592 B,14.80
"'OwnedLinkedTextUtf8 $""...""'",Job-VLEEEE,False,False,Default,0.1,Default,Default,Default,0000000000000000,Empty,RyuJit,Default,Arm64,8c5e7fda-e8bf-4a96-9a85-a6e23a8c635c,.NET 10.0,False,True,False,True,Default,Default,False,False,False,Default,Default,Default,Default,Default,InProcessEmitToolchain,Default,Default,Default,150ms,Default,30,Default,Default,Default,Default,Default,16,Default,8 parts,1,Cjk,52.810 ns,0.6531 ns,0.6109 ns,2.31,0.03,0.0000,0.0000,0 B,0.00
"'string $""...""'",Job-VLEEEE,False,False,Default,0.1,Default,Default,Default,0000000000000000,Empty,RyuJit,Default,Arm64,8c5e7fda-e8bf-4a96-9a85-a6e23a8c635c,.NET 10.0,False,True,False,True,Default,Default,False,False,False,Default,Default,Default,Default,Default,InProcessEmitToolchain,Default,Default,Default,150ms,Default,30,Default,Default,Default,Default,Default,16,Default,8 parts,1,Emoji,22.893 ns,0.2822 ns,0.2502 ns,1.00,0.01,0.0047,0.0000,40 B,1.00
"'Text.Create $""..."" UTF-8'",Job-VLEEEE,False,False,Default,0.1,Default,Default,Default,0000000000000000,Empty,RyuJit,Default,Arm64,8c5e7fda-e8bf-4a96-9a85-a6e23a8c635c,.NET 10.0,False,True,False,True,Default,Default,False,False,False,Default,Default,Default,Default,Default,InProcessEmitToolchain,Default,Default,Default,150ms,Default,30,Default,Default,Default,Default,Default,16,Default,8 parts,1,Emoji,46.006 ns,0.4092 ns,0.3827 ns,2.01,0.03,0.0055,0.0000,48 B,1.20
"'OwnedText.Create $""..."" UTF-8'",Job-VLEEEE,False,False,Default,0.1,Default,Default,Default,0000000000000000,Empty,RyuJit,Default,Arm64,8c5e7fda-e8bf-4a96-9a85-a6e23a8c635c,.NET 10.0,False,True,False,True,Default,Default,False,False,False,Default,Default,Default,Default,Default,InProcessEmitToolchain,Default,Default,Default,150ms,Default,30,Default,Default,Default,Default,Default,16,Default,8 parts,1,Emoji,44.454 ns,0.3430 ns,0.3041 ns,1.94,0.02,0.0000,0.0000,0 B,0.00
"'LinkedTextUtf8 $""...""'",Job-VLEEEE,False,False,Default,0.1,Default,Default,Default,0000000000000000,Empty,RyuJit,Default,Arm64,8c5e7fda-e8bf-4a96-9a85-a6e23a8c635c,.NET 10.0,False,True,False,True,Default,Default,False,False,False,Default,Default,Default,Default,Default,InProcessEmitToolchain,Default,Default,Default,150ms,Default,30,Default,Default,Default,Default,Default,16,Default,8 parts,1,Emoji,60.726 ns,1.0596 ns,0.9393 ns,2.65,0.05,0.0705,0.0000,592 B,14.80
"'OwnedLinkedTextUtf8 $""...""'",Job-VLEEEE,False,False,Default,0.1,Default,Default,Default,0000000000000000,Empty,RyuJit,Default,Arm64,8c5e7fda-e8bf-4a96-9a85-a6e23a8c635c,.NET 10.0,False,True,False,True,Default,Default,False,False,False,Default,Default,Default,Default,Default,InProcessEmitToolchain,Default,Default,Default,150ms,Default,30,Default,Default,Default,Default,Default,16,Default,8 parts,1,Emoji,52.906 ns,0.5676 ns,0.5032 ns,2.31,0.03,0.0000,0.0000,0 B,0.00
"'string $""...""'",Job-VLEEEE,False,False,Default,0.1,Default,Default,Default,0000000000000000,Empty,RyuJit,Default,Arm64,8c5e7fda-e8bf-4a96-9a85-a6e23a8c635c,.NET 10.0,False,True,False,True,Default,Default,False,False,False,Default,Default,Default,Default,Default,InProcessEmitToolchain,Default,Default,Default,150ms,Default,30,Default,Default,Default,Default,Default,16,Default,8 parts,1,Mixed,22.951 ns,0.2530 ns,0.2366 ns,1.00,0.01,0.0047,0.0000,40 B,1.00
"'Text.Create $""..."" UTF-8'",Job-VLEEEE,False,False,Default,0.1,Default,Default,Default,0000000000000000,Empty,RyuJit,Default,Arm64,8c5e7fda-e8bf-4a96-9a85-a6e23a8c635c,.NET 10.0,False,True,False,True,Default,Default,False,False,False,Default,Default,Default,Default,Default,InProcessEmitToolchain,Default,Default,Default,150ms,Default,30,Default,Default,Default,Default,Default,16,Default,8 parts,1,Mixed,44.100 ns,0.3883 ns,0.3632 ns,1.92,0.02,0.0038,0.0000,32 B,0.80
"'OwnedText.Create $""..."" UTF-8'",Job-VLEEEE,False,False,Default,0.1,Default,Default,Default,0000000000000000,Empty,RyuJit,Default,Arm64,8c5e7fda-e8bf-4a96-9a85-a6e23a8c635c,.NET 10.0,False,True,False,True,Default,Default,False,False,False,Default,Default,Default,Default,Default,InProcessEmitToolchain,Default,Default,Default,150ms,Default,30,Default,Default,Default,Default,Default,16,Default,8 parts,1,Mixed,42.683 ns,0.4074 ns,0.3810 ns,1.86,0.02,0.0000,0.0000,0 B,0.00
"'LinkedTextUtf8 $""...""'",Job-VLEEEE,False,False,Default,0.1,Default,Default,Default,0000000000000000,Empty,RyuJit,Default,Arm64,8c5e7fda-e8bf-4a96-9a85-a6e23a8c635c,.NET 10.0,False,True,False,True,Default,Default,False,False,False,Default,Default,Default,Default,Default,InProcessEmitToolchain,Default,Default,Default,150ms,Default,30,Default,Default,Default,Default,Default,16,Default,8 parts,1,Mixed,61.380 ns,0.8302 ns,0.7359 ns,2.67,0.04,0.0705,0.0000,592 B,14.80
"'OwnedLinkedTextUtf8 $""...""'",Job-VLEEEE,False,False,Default,0.1,Default,Default,Default,0000000000000000,Empty,RyuJit,Default,Arm64,8c5e7fda-e8bf-4a96-9a85-a6e23a8c635c,.NET 10.0,False,True,False,True,Default,Default,False,False,False,Default,Default,Default,Default,Default,InProcessEmitToolchain,Default,Default,Default,150ms,Default,30,Default,Default,Default,Default,Default,16,Default,8 parts,1,Mixed,52.966 ns,0.5809 ns,0.5150 ns,2.31,0.03,0.0000,0.0000,0 B,0.00
"'string $""...""'",Job-VLEEEE,False,False,Default,0.1,Default,Default,Default,0000000000000000,Empty,RyuJit,Default,Arm64,8c5e7fda-e8bf-4a96-9a85-a6e23a8c635c,.NET 10.0,False,True,False,True,Default,Default,False,False,False,Default,Default,Default,Default,Default,InProcessEmitToolchain,Default,Default,Default,150ms,Default,30,Default,Default,Default,Default,Default,16,Default,8 parts,64,Ascii,78.756 ns,0.3785 ns,0.2955 ns,1.00,0.01,0.1249,0.0000,1048 B,1.00
"'Text.Create $""..."" UTF-8'",Job-VLEEEE,False,False,Default,0.1,Default,Default,Default,0000000000000000,Empty,RyuJit,Default,Arm64,8c5e7fda-e8bf-4a96-9a85-a6e23a8c635c,.NET 10.0,False,True,False,True,Default,Default,False,False,False,Default,Default,Default,Default,Default,InProcessEmitToolchain,Default,Default,Default,150ms,Default,30,Default,Default,Default,Default,Default,16,Default,8 parts,64,Ascii,85.369 ns,0.4614 ns,0.3853 ns,1.08,0.01,0.0635,0.0000,536 B,0.51
"'OwnedText.Create $""..."" UTF-8'",Job-VLEEEE,False,False,Default,0.1,Default,Default,Default,0000000000000000,Empty,RyuJit,Default,Arm64,8c5e7fda-e8bf-4a96-9a85-a6e23a8c635c,.NET 10.0,False,True,False,True,Default,Default,False,False,False,Default,Default,Default,Default,Default,InProcessEmitToolchain,Default,Default,Default,150ms,Default,30,Default,Default,Default,Default,Default,16,Default,8 parts,64,Ascii,65.093 ns,0.6009 ns,0.5620 ns,0.83,0.01,0.0000,0.0000,0 B,0.00
"'LinkedTextUtf8 $""...""'",Job-VLEEEE,False,False,Default,0.1,Default,Default,Default,0000000000000000,Empty,RyuJit,Default,Arm64,8c5e7fda-e8bf-4a96-9a85-a6e23a8c635c,.NET 10.0,False,True,False,True,Default,Default,False,False,False,Default,Default,Default,Default,Default,InProcessEmitToolchain,Default,Default,Default,150ms,Default,30,Default,Default,Default,Default,Default,16,Default,8 parts,64,Ascii,61.067 ns,0.8589 ns,0.7614 ns,0.78,0.01,0.0705,0.0000,592 B,0.56
"'OwnedLinkedTextUtf8 $""...""'",Job-VLEEEE,False,False,Default,0.1,Default,Default,Default,0000000000000000,Empty,RyuJit,Default,Arm64,8c5e7fda-e8bf-4a96-9a85-a6e23a8c635c,.NET 10.0,False,True,False,True,Default,Default,False,False,False,Default,Default,Default,Default,Default,InProcessEmitToolchain,Default,Default,Default,150ms,Default,30,Default,Default,Default,Default,Default,16,Default,8 parts,64,Ascii,52.592 ns,0.5910 ns,0.5528 ns,0.67,0.01,0.0000,0.0000,0 B,0.00
"'string $""...""'",Job-VLEEEE,False,False,Default,0.1,Default,Default,Default,0000000000000000,Empty,RyuJit,Default,Arm64,8c5e7fda-e8bf-4a96-9a85-a6e23a8c635c,.NET 10.0,False,True,False,True,Default,Default,False,False,False,Default,Default,Default,Default,Default,InProcessEmitToolchain,Default,Default,Default,150ms,Default,30,Default,Default,Default,Default,Default,16,Default,8 parts,64,Cjk,79.775 ns,1.1907 ns,0.9943 ns,1.00,0.02,0.1252,0.0000,1048 B,1.00
"'Text.Create $""..."" UTF-8'",Job-VLEEEE,False,False,Default,0.1,Default,Default,Default,0000000000000000,Empty,RyuJit,Default,Arm64,8c5e7fda-e8bf-4a96-9a85-a6e23a8c635c,.NET 10.0,False,True,False,True,Default,Default,False,False,False,Default,Default,Default,Default,Default,InProcessEmitToolchain,Default,Default,Default,150ms,Default,30,Default,Default,Default,Default,Default,16,Default,8 parts,64,Cjk,162.316 ns,1.0689 ns,0.8345 ns,2.03,0.03,0.1860,0.0011,1560 B,1.49
"'OwnedText.Create $""..."" UTF-8'",Job-VLEEEE,False,False,Default,0.1,Default,Default,Default,0000000000000000,Empty,RyuJit,Default,Arm64,8c5e7fda-e8bf-4a96-9a85-a6e23a8c635c,.NET 10.0,False,True,False,True,Default,Default,False,False,False,Default,Default,Default,Default,Default,InProcessEmitToolchain,Default,Default,Default,150ms,Default,30,Default,Default,Default,Default,Default,16,Default,8 parts,64,Cjk,100.508 ns,0.8457 ns,0.7911 ns,1.26,0.02,0.0000,0.0000,0 B,0.00
"'LinkedTextUtf8 $""...""'",Job-VLEEEE,False,False,Default,0.1,Default,Default,Default,0000000000000000,Empty,RyuJit,Default,Arm64,8c5e7fda-e8bf-4a96-9a85-a6e23a8c635c,.NET 10.0,False,True,False,True,Default,Default,False,False,False,Default,Default,Default,Default,Default,InProcessEmitToolchain,Default,Default,Default,150ms,Default,30,Default,Default,Default,Default,Default,16,Default,8 parts,64,Cjk,60.807 ns,0.6929 ns,0.6481 ns,0.76,0.01,0.0707,0.0000,592 B,0.56
"'OwnedLinkedTextUtf8 $""...""'",Job-VLEEEE,False,False,Default,0.1,Default,Default,Default,0000000000000000,Empty,RyuJit,Default,Arm64,8c5e7fda-e8bf-4a96-9a85-a6e23a8c635c,.NET 10.0,False,True,False,True,Default,Default,False,False,False,Default,Default,Default,Default,Default,InProcessEmitToolchain,Default,Default,Default,150ms,Default,30,Default,Default,Default,Default,Default,16,Default,8 parts,64,Cjk,52.745 ns,0.6461 ns,0.6044 ns,0.66,0.01,0.0000,0.0000,0 B,0.00
"'string $""...""'",Job-VLEEEE,False,False,Default,0.1,Default,Default,Default,0000000000000000,Empty,RyuJit,Default,Arm64,8c5e7fda-e8bf-4a96-9a85-a6e23a8c635c,.NET 10.0,False,True,False,True,Default,Default,False,False,False,Default,Default,Default,Default,Default,InProcessEmitToolchain,Default,Default,Default,150ms,Default,30,Default,Default,Default,Default,Default,16,Default,8 parts,64,Emoji,79.049 ns,0.4445 ns,0.3470 ns,1.00,0.01,0.1249,0.0000,1048 B,1.00
"'Text.Create $""..."" UTF-8'",Job-VLEEEE,False,False,Default,0.1,Default,Default,Default,0000000000000000,Empty,RyuJit,Default,Arm64,8c5e7fda-e8bf-4a96-9a85-a6e23a8c635c,.NET 10.0,False,True,False,True,Default,Default,False,False,False,Default,Default,Default,Default,Default,InProcessEmitToolchain,Default,Default,Default,150ms,Default,30,Default,Default,Default,Default,Default,16,Default,8 parts,64,Emoji,129.197 ns,0.7732 ns,0.6037 ns,1.63,0.01,0.1247,0.0000,1048 B,1.00
"'OwnedText.Create $""..."" UTF-8'",Job-VLEEEE,False,False,Default,0.1,Default,Default,Default,0000000000000000,Empty,RyuJit,Default,Arm64,8c5e7fda-e8bf-4a96-9a85-a6e23a8c635c,.NET 10.0,False,True,False,True,Default,Default,False,False,False,Default,Default,Default,Default,Default,InProcessEmitToolchain,Default,Default,Default,150ms,Default,30,Default,Default,Default,Default,Default,16,Default,8 parts,64,Emoji,86.246 ns,0.7588 ns,0.6727 ns,1.09,0.01,0.0000,0.0000,0 B,0.00
"'LinkedTextUtf8 $""...""'",Job-VLEEEE,False,False,Default,0.1,Default,Default,Default,0000000000000000,Empty,RyuJit,Default,Arm64,8c5e7fda-e8bf-4a96-9a85-a6e23a8c635c,.NET 10.0,False,True,False,True,Default,Default,False,False,False,Default,Default,Default,Default,Default,InProcessEmitToolchain,Default,Default,Default,150ms,Default,30,Default,Default,Default,Default,Default,16,Default,8 parts,64,Emoji,61.002 ns,1.1206 ns,1.0482 ns,0.77,0.01,0.0706,0.0000,592 B,0.56
"'OwnedLinkedTextUtf8 $""...""'",Job-VLEEEE,False,False,Default,0.1,Default,Default,Default,0000000000000000,Empty,RyuJit,Default,Arm64,8c5e7fda-e8bf-4a96-9a85-a6e23a8c635c,.NET 10.0,False,True,False,True,Default,Default,False,False,False,Default,Default,Default,Default,Default,InProcessEmitToolchain,Default,Default,Default,150ms,Default,30,Default,Default,Default,Default,Default,16,Default,8 parts,64,Emoji,52.540 ns,0.4964 ns,0.4400 ns,0.66,0.01,0.0000,0.0000,0 B,0.00
"'string $""...""'",Job-VLEEEE,False,False,Default,0.1,Default,Default,Default,0000000000000000,Empty,RyuJit,Default,Arm64,8c5e7fda-e8bf-4a96-9a85-a6e23a8c635c,.NET 10.0,False,True,False,True,Default,Default,False,False,False,Default,Default,Default,Default,Default,InProcessEmitToolchain,Default,Default,Default,150ms,Default,30,Default,Default,Default,Default,Default,16,Default,8 parts,64,Mixed,79.108 ns,0.4816 ns,0.3760 ns,1.00,0.01,0.1253,0.0000,1048 B,1.00
"'Text.Create $""..."" UTF-8'",Job-VLEEEE,False,False,Default,0.1,Default,Default,Default,0000000000000000,Empty,RyuJit,Default,Arm64,8c5e7fda-e8bf-4a96-9a85-a6e23a8c635c,.NET 10.0,False,True,False,True,Default,Default,False,False,False,Default,Default,Default,Default,Default,InProcessEmitToolchain,Default,Default,Default,150ms,Default,30,Default,Default,Default,Default,Default,16,Default,8 parts,64,Mixed,108.642 ns,1.2779 ns,1.1953 ns,1.37,0.02,0.0827,0.0000,696 B,0.66
"'OwnedText.Create $""..."" UTF-8'",Job-VLEEEE,False,False,Default,0.1,Default,Default,Default,0000000000000000,Empty,RyuJit,Default,Arm64,8c5e7fda-e8bf-4a96-9a85-a6e23a8c635c,.NET 10.0,False,True,False,True,Default,Default,False,False,False,Default,Default,Default,Default,Default,InProcessEmitToolchain,Default,Default,Default,150ms,Default,30,Default,Default,Default,Default,Default,16,Default,8 parts,64,Mixed,79.750 ns,0.3470 ns,0.2709 ns,1.01,0.01,0.0000,0.0000,0 B,0.00
"'LinkedTextUtf8 $""...""'",Job-VLEEEE,False,False,Default,0.1,Default,Default,Default,0000000000000000,Empty,RyuJit,Default,Arm64,8c5e7fda-e8bf-4a96-9a85-a6e23a8c635c,.NET 10.0,False,True,False,True,Default,Default,False,False,False,Default,Default,Default,Default,Default,InProcessEmitToolchain,Default,Default,Default,150ms,Default,30,Default,Default,Default,Default,Default,16,Default,8 parts,64,Mixed,60.472 ns,0.5178 ns,0.4043 ns,0.76,0.01,0.0706,0.0000,592 B,0.56
"'OwnedLinkedTextUtf8 $""...""'",Job-VLEEEE,False,False,Default,0.1,Default,Default,Default,0000000000000000,Empty,RyuJit,Default,Arm64,8c5e7fda-e8bf-4a96-9a85-a6e23a8c635c,.NET 10.0,False,True,False,True,Default,Default,False,False,False,Default,Default,Default,Default,Default,InProcessEmitToolchain,Default,Default,Default,150ms,Default,30,Default,Default,Default,Default,Default,16,Default,8 parts,64,Mixed,53.058 ns,0.5823 ns,0.5162 ns,0.67,0.01,0.0000,0.0000,0 B,0.00
"'string $""...""'",Job-VLEEEE,False,False,Default,0.1,Default,Default,Default,0000000000000000,Empty,RyuJit,Default,Arm64,8c5e7fda-e8bf-4a96-9a85-a6e23a8c635c,.NET 10.0,False,True,False,True,Default,Default,False,False,False,Default,Default,Default,Default,Default,InProcessEmitToolchain,Default,Default,Default,150ms,Default,30,Default,Default,Default,Default,Default,16,Default,8 parts,1024,Ascii,858.427 ns,17.6572 ns,15.6527 ns,1.00,0.02,1.9540,0.0000,16408 B,1.00
"'Text.Create $""..."" UTF-8'",Job-VLEEEE,False,False,Default,0.1,Default,Default,Default,0000000000000000,Empty,RyuJit,Default,Arm64,8c5e7fda-e8bf-4a96-9a85-a6e23a8c635c,.NET 10.0,False,True,False,True,Default,Default,False,False,False,Default,Default,Default,Default,Default,InProcessEmitToolchain,Default,Default,Default,150ms,Default,30,Default,Default,Default,Default,Default,16,Default,8 parts,1024,Ascii,557.003 ns,10.6585 ns,8.9003 ns,0.65,0.02,0.9804,0.0296,8216 B,0.50
"'OwnedText.Create $""..."" UTF-8'",Job-VLEEEE,False,False,Default,0.1,Default,Default,Default,0000000000000000,Empty,RyuJit,Default,Arm64,8c5e7fda-e8bf-4a96-9a85-a6e23a8c635c,.NET 10.0,False,True,False,True,Default,Default,False,False,False,Default,Default,Default,Default,Default,InProcessEmitToolchain,Default,Default,Default,150ms,Default,30,Default,Default,Default,Default,Default,16,Default,8 parts,1024,Ascii,227.950 ns,5.4860 ns,5.1316 ns,0.27,0.01,0.0000,0.0000,0 B,0.00
"'LinkedTextUtf8 $""...""'",Job-VLEEEE,False,False,Default,0.1,Default,Default,Default,0000000000000000,Empty,RyuJit,Default,Arm64,8c5e7fda-e8bf-4a96-9a85-a6e23a8c635c,.NET 10.0,False,True,False,True,Default,Default,False,False,False,Default,Default,Default,Default,Default,InProcessEmitToolchain,Default,Default,Default,150ms,Default,30,Default,Default,Default,Default,Default,16,Default,8 parts,1024,Ascii,61.375 ns,1.1264 ns,1.0536 ns,0.07,0.00,0.0704,0.0000,592 B,0.04
"'OwnedLinkedTextUtf8 $""...""'",Job-VLEEEE,False,False,Default,0.1,Default,Default,Default,0000000000000000,Empty,RyuJit,Default,Arm64,8c5e7fda-e8bf-4a96-9a85-a6e23a8c635c,.NET 10.0,False,True,False,True,Default,Default,False,False,False,Default,Default,Default,Default,Default,InProcessEmitToolchain,Default,Default,Default,150ms,Default,30,Default,Default,Default,Default,Default,16,Default,8 parts,1024,Ascii,52.708 ns,0.5811 ns,0.5436 ns,0.06,0.00,0.0000,0.0000,0 B,0.00
"'string $""...""'",Job-VLEEEE,False,False,Default,0.1,Default,Default,Default,0000000000000000,Empty,RyuJit,Default,Arm64,8c5e7fda-e8bf-4a96-9a85-a6e23a8c635c,.NET 10.0,False,True,False,True,Default,Default,False,False,False,Default,Default,Default,Default,Default,InProcessEmitToolchain,Default,Default,Default,150ms,Default,30,Default,Default,Default,Default,Default,16,Default,8 parts,1024,Cjk,871.135 ns,23.2563 ns,21.7539 ns,1.00,0.03,1.9537,0.0000,16408 B,1.00
"'Text.Create $""..."" UTF-8'",Job-VLEEEE,False,False,Default,0.1,Default,Default,Default,0000000000000000,Empty,RyuJit,Default,Arm64,8c5e7fda-e8bf-4a96-9a85-a6e23a8c635c,.NET 10.0,False,True,False,True,Default,Default,False,False,False,Default,Default,Default,Default,Default,InProcessEmitToolchain,Default,Default,Default,150ms,Default,30,Default,Default,Default,Default,Default,16,Default,8 parts,1024,Cjk,"1,329.369 ns",12.7212 ns,9.9319 ns,1.53,0.04,2.9274,0.2411,24600 B,1.50
"'OwnedText.Create $""..."" UTF-8'",Job-VLEEEE,False,False,Default,0.1,Default,Default,Default,0000000000000000,Empty,RyuJit,Default,Arm64,8c5e7fda-e8bf-4a96-9a85-a6e23a8c635c,.NET 10.0,False,True,False,True,Default,Default,False,False,False,Default,Default,Default,Default,Default,InProcessEmitToolchain,Default,Default,Default,150ms,Default,30,Default,Default,Default,Default,Default,16,Default,8 parts,1024,Cjk,578.645 ns,13.7283 ns,12.1698 ns,0.66,0.02,0.0000,0.0000,0 B,0.00
"'LinkedTextUtf8 $""...""'",Job-VLEEEE,False,False,Default,0.1,Default,Default,Default,0000000000000000,Empty,RyuJit,Default,Arm64,8c5e7fda-e8bf-4a96-9a85-a6e23a8c635c,.NET 10.0,False,True,False,True,Default,Default,False,False,False,Default,Default,Default,Default,Default,InProcessEmitToolchain,Default,Default,Default,150ms,Default,30,Default,Default,Default,Default,Default,16,Default,8 parts,1024,Cjk,60.881 ns,0.5566 ns,0.4648 ns,0.07,0.00,0.0706,0.0000,592 B,0.04
"'OwnedLinkedTextUtf8 $""...""'",Job-VLEEEE,False,False,Default,0.1,Default,Default,Default,0000000000000000,Empty,RyuJit,Default,Arm64,8c5e7fda-e8bf-4a96-9a85-a6e23a8c635c,.NET 10.0,False,True,False,True,Default,Default,False,False,False,Default,Default,Default,Default,Default,InProcessEmitToolchain,Default,Default,Default,150ms,Default,30,Default,Default,Default,Default,Default,16,Default,8 parts,1024,Cjk,52.405 ns,0.3429 ns,0.3039 ns,0.06,0.00,0.0000,0.0000,0 B,0.00
"'string $""...""'",Job-VLEEEE,False,False,Default,0.1,Default,Default,Default,0000000000000000,Empty,RyuJit,Default,Arm64,8c5e7fda-e8bf-4a96-9a85-a6e23a8c635c,.NET 10.0,False,True,False,True,Default,Default,False,False,False,Default,Default,Default,Default,Default,InProcessEmitToolchain,Default,Default,Default,150ms,Default,30,Default,Default,Default,Default,Default,16,Default,8 parts,1024,Emoji,846.280 ns,16.7490 ns,13.9862 ns,1.00,0.02,1.9554,0.0000,16408 B,1.00
"'Text.Create $""..."" UTF-8'",Job-VLEEEE,False,False,Default,0.1,Default,Default,Default,0000000000000000,Empty,RyuJit,Default,Arm64,8c5e7fda-e8bf-4a96-9a85-a6e23a8c635c,.NET 10.0,False,True,False,True,Default,Default,False,False,False,Default,Default,Default,Default,Default,InProcessEmitToolchain,Default,Default,Default,150ms,Default,30,Default,Default,Default,Default,Default,16,Default,8 parts,1024,Emoji,917.078 ns,10.4965 ns,8.7651 ns,1.08,0.02,1.9520,0.1108,16408 B,1.00
"'OwnedText.Create $""..."" UTF-8'",Job-VLEEEE,False,False,Default,0.1,Default,Default,Default,0000000000000000,Empty,RyuJit,Default,Arm64,8c5e7fda-e8bf-4a96-9a85-a6e23a8c635c,.NET 10.0,False,True,False,True,Default,Default,False,False,False,Default,Default,Default,Default,Default,InProcessEmitToolchain,Default,Default,Default,150ms,Default,30,Default,Default,Default,Default,Default,16,Default,8 parts,1024,Emoji,414.056 ns,8.0756 ns,6.7435 ns,0.49,0.01,0.0000,0.0000,0 B,0.00
"'LinkedTextUtf8 $""...""'",Job-VLEEEE,False,False,Default,0.1,Default,Default,Default,0000000000000000,Empty,RyuJit,Default,Arm64,8c5e7fda-e8bf-4a96-9a85-a6e23a8c635c,.NET 10.0,False,True,False,True,Default,Default,False,False,False,Default,Default,Default,Default,Default,InProcessEmitToolchain,Default,Default,Default,150ms,Default,30,Default,Default,Default,Default,Default,16,Default,8 parts,1024,Emoji,61.004 ns,0.8520 ns,0.7115 ns,0.07,0.00,0.0707,0.0000,592 B,0.04
"'OwnedLinkedTextUtf8 $""...""'",Job-VLEEEE,False,False,Default,0.1,Default,Default,Default,0000000000000000,Empty,RyuJit,Default,Arm64,8c5e7fda-e8bf-4a96-9a85-a6e23a8c635c,.NET 10.0,False,True,False,True,Default,Default,False,False,False,Default,Default,Default,Default,Default,InProcessEmitToolchain,Default,Default,Default,150ms,Default,30,Default,Default,Default,Default,Default,16,Default,8 parts,1024,Emoji,52.483 ns,0.5635 ns,0.4995 ns,0.06,0.00,0.0000,0.0000,0 B,0.00
"'string $""...""'",Job-VLEEEE,False,False,Default,0.1,Default,Default,Default,0000000000000000,Empty,RyuJit,Default,Arm64,8c5e7fda-e8bf-4a96-9a85-a6e23a8c635c,.NET 10.0,False,True,False,True,Default,Default,False,False,False,Default,Default,Default,Default,Default,InProcessEmitToolchain,Default,Default,Default,150ms,Default,30,Default,Default,Default,Default,Default,16,Default,8 parts,1024,Mixed,848.559 ns,8.1232 ns,6.7832 ns,1.00,0.01,1.9530,0.0000,16408 B,1.00
"'Text.Create $""..."" UTF-8'",Job-VLEEEE,False,False,Default,0.1,Default,Default,Default,0000000000000000,Empty,RyuJit,Default,Arm64,8c5e7fda-e8bf-4a96-9a85-a6e23a8c635c,.NET 10.0,False,True,False,True,Default,Default,False,False,False,Default,Default,Default,Default,Default,InProcessEmitToolchain,Default,Default,Default,150ms,Default,30,Default,Default,Default,Default,Default,16,Default,8 parts,1024,Mixed,710.302 ns,14.6951 ns,13.7458 ns,0.84,0.02,1.2787,0.0468,10712 B,0.65
"'OwnedText.Create $""..."" UTF-8'",Job-VLEEEE,False,False,Default,0.1,Default,Default,Default,0000000000000000,Empty,RyuJit,Default,Arm64,8c5e7fda-e8bf-4a96-9a85-a6e23a8c635c,.NET 10.0,False,True,False,True,Default,Default,False,False,False,Default,Default,Default,Default,Default,InProcessEmitToolchain,Default,Default,Default,150ms,Default,30,Default,Default,Default,Default,Default,16,Default,8 parts,1024,Mixed,337.712 ns,9.3260 ns,8.7235 ns,0.40,0.01,0.0000,0.0000,0 B,0.00
"'LinkedTextUtf8 $""...""'",Job-VLEEEE,False,False,Default,0.1,Default,Default,Default,0000000000000000,Empty,RyuJit,Default,Arm64,8c5e7fda-e8bf-4a96-9a85-a6e23a8c635c,.NET 10.0,False,True,False,True,Default,Default,False,False,False,Default,Default,Default,Default,Default,InProcessEmitToolchain,Default,Default,Default,150ms,Default,30,Default,Default,Default,Default,Default,16,Default,8 parts,1024,Mixed,61.360 ns,1.0731 ns,1.0038 ns,0.07,0.00,0.0705,0.0000,592 B,0.04
"'OwnedLinkedTextUtf8 $""...""'",Job-VLEEEE,False,False,Default,0.1,Default,Default,Default,0000000000000000,Empty,RyuJit,Default,Arm64,8c5e7fda-e8bf-4a96-9a85-a6e23a8c635c,.NET 10.0,False,True,False,True,Default,Default,False,False,False,Default,Default,Default,Default,Default,InProcessEmitToolchain,Default,Default,Default,150ms,Default,30,Default,Default,Default,Default,Default,16,Default,8 parts,1024,Mixed,52.681 ns,0.5383 ns,0.5035 ns,0.06,0.00,0.0000,0.0000,0 B,0.00
